date,ticker,future_return,lstm_prediction,hybrid_prediction,hybrid_direction,lstm_direction
2026-06-08,AAPL,-0.0364463411899235,-0.0489023774862289,0.0006966501,1,0
2026-06-08,AMZN,-0.0042003049268801,-0.0506933778524398,0.0006966501,1,0
2026-06-08,AVGO,-0.0111951574277587,-0.0710072070360183,0.0006966501,1,0
2026-06-08,GOOGL,0.0026148801050995,-0.0351962149143219,0.0006966501,1,0
2026-06-08,JPM,0.0051107857503001,-0.0919592827558517,0.0006966501,1,0
2026-06-08,META,-0.0013666036710554,-0.1092661917209625,0.0006966501,1,0
2026-06-08,MSFT,-0.020231172880646,-0.0838474407792091,0.0006966501,1,0
2026-06-08,NVDA,-0.002156807789753,-0.0510798245668411,0.0006966501,1,0
2026-06-08,TSLA,-0.0300037147939692,-0.0891108810901641,0.0006966501,1,0
2026-06-08,XOM,-0.0187149090395346,-0.1090777367353439,0.0006966501,1,0
2026-06-09,AAPL,0.0035450055495178,-0.0452711284160614,0.0006966501,1,0
2026-06-09,AMZN,-0.0253491231398449,-0.0525327175855636,0.0006966501,1,0
2026-06-09,AVGO,-0.0511525610341329,-0.0827241092920303,0.0006966501,1,0
2026-06-09,GOOGL,-0.0216329006266973,-0.0398194640874862,0.0006966501,1,0
2026-06-09,JPM,-0.0113847213512223,-0.0938038825988769,0.0006966501,1,0
2026-06-09,META,-0.0232812982349143,-0.1108361780643463,0.0006966501,1,0
2026-06-09,MSFT,-0.0149972324753312,-0.0852065756916999,0.0006966501,1,0
2026-06-09,NVDA,-0.0373217088362858,-0.0523174554109573,0.0006966501,1,0
2026-06-09,TSLA,-0.0380407295969277,-0.0855261534452438,0.0006966501,1,0
2026-06-09,XOM,0.0114833859347938,-0.1106280535459518,0.0006966501,1,0
2026-06-10,AAPL,0.013889837486094,-0.0396538823843002,0.0006966501,1,0
2026-06-10,AMZN,0.0147478760791426,-0.0532515496015548,0.0006966501,1,0
2026-06-10,AVGO,0.0361999049426688,-0.0938425809144973,0.0006966501,1,0
2026-06-10,GOOGL,0.0039002227780653,-0.0451467633247375,0.0006966501,1,0
2026-06-10,JPM,0.0140712402337455,-0.096814751625061,0.0006966501,1,0
2026-06-10,META,-0.0044660578108453,-0.1101864203810691,0.0006966501,1,0
2026-06-10,MSFT,-0.0176665133401034,-0.0824043750762939,0.0006966501,1,0
2026-06-10,NVDA,0.0222033554155762,-0.0567715913057327,0.0006966501,1,0
2026-06-10,TSLA,0.0460179714539599,-0.0846041887998581,0.0006966501,1,0
2026-06-10,XOM,-0.0266896027918148,-0.109449416399002,0.0006966501,1,0
2026-06-11,AAPL,-0.0152216336310819,-0.038887545466423,0.0006966501,1,0
2026-06-11,AMZN,-0.0122561861720151,-0.0525497198104858,0.0006966501,1,0
2026-06-11,AVGO,-0.0090774086394803,-0.1075743958353996,0.0006966501,1,0
2026-06-11,GOOGL,0.0053386532940431,-0.0492016375064849,0.0006966501,1,0
2026-06-11,JPM,0.0230630201075237,-0.0981669127941131,0.0006966501,1,0
2026-06-11,META,-0.0025509071761044,-0.1098977997899055,0.0006966501,1,0
2026-06-11,MSFT,0.0010247028424419,-0.0807266980409622,0.0006966501,1,0
2026-06-11,NVDA,0.0015620347924627,-0.0565677136182785,0.0006966501,1,0
2026-06-11,TSLA,0.0182387545800262,-0.0875924229621887,0.0006966501,1,0
2026-06-11,XOM,0.0027966319734566,-0.1123326197266578,0.0006966501,1,0
2026-06-12,AAPL,0.0181705388684794,-0.0393897593021392,0.0006966501,1,0
2026-06-12,AMZN,0.0313141946138744,-0.0533684492111206,0.0006966501,1,0
2026-06-12,AVGO,0.03106756085075,-0.113443523645401,0.0006966501,1,0
2026-06-12,GOOGL,0.0268850931911683,-0.0543268173933029,0.0006966501,1,0
2026-06-12,JPM,-0.0041157604952368,-0.0992969870567321,0.0006966501,1,0
2026-06-12,META,0.0477090439852263,-0.1105067431926727,0.0006966501,1,0
2026-06-12,MSFT,0.0230844831377237,-0.0742185562849044,0.0006966501,1,0
2026-06-12,NVDA,0.0353817982948865,-0.0594443976879119,0.0006966501,1,0
2026-06-12,TSLA,0.0116133191589242,-0.0949961319565773,0.0006966501,1,0
2026-06-12,XOM,-0.041425697709597,-0.1112274006009101,0.0006966501,1,0
2026-06-15,AAPL,0.0095135140927802,-0.040627971291542,0.0006966501,1,0
2026-06-15,AMZN,-8.131156862656308e-05,-0.0565180629491806,0.0006966501,1,0
2026-06-15,AVGO,-0.0437376651002759,-0.1142152696847915,0.0006966501,1,0
2026-06-15,GOOGL,0.0105590807242643,-0.0613807290792465,0.0006966501,1,0
2026-06-15,JPM,0.0367564109282492,-0.1024264767765998,0.0006966501,1,0
2026-06-15,META,0.0113399638157813,-0.1113282591104507,0.0006966501,1,0
2026-06-15,MSFT,-0.0148339662721725,-0.0694452673196792,0.0006966501,1,0
2026-06-15,NVDA,-0.0237232107053135,-0.0596282631158828,0.0006966501,1,0
2026-06-15,TSLA,-0.0157849697937949,-0.1062159240245819,0.0006966501,1,0
2026-06-15,XOM,0.0066703952672637,-0.1112926006317138,0.0006966501,1,0
2026-06-16,AAPL,-0.010994537435617,-0.0424907505512237,0.0006966501,1,0
2026-06-16,AMZN,-0.0345528455284552,-0.0616981834173202,0.0006966501,1,0
2026-06-16,AVGO,0.0429773897205141,-0.1139850616455078,0.0006966501,1,0
2026-06-16,GOOGL,-0.0253449291488037,-0.06814806163311,0.0006966501,1,0
2026-06-16,JPM,0.0070060237177231,-0.1015672832727432,0.0006966501,1,0
2026-06-16,META,-0.0543643119712836,-0.1141617894172668,0.0006966501,1,0
2026-06-16,MSFT,-0.0378843723121274,-0.0666479617357254,0.0006966501,1,0
2026-06-16,NVDA,-0.0133070361548397,-0.0609672218561172,0.0006966501,1,0
2026-06-16,TSLA,-0.020461618900717,-0.1138343289494514,0.0006966501,1,0
2026-06-16,XOM,-0.007895097229928,-0.1022010967135429,0.0006966501,1,0
2026-06-17,AAPL,0.0069606442466163,-0.0440998524427413,0.0006966501,1,0
2026-06-17,AMZN,0.0290105237458881,-0.0655059665441513,0.0006966501,1,0
2026-06-17,AVGO,0.0469585706713984,-0.1113093718886375,0.0006966501,1,0
2026-06-17,GOOGL,0.011654985044087,-0.0732564479112625,0.0006966501,1,0
2026-06-17,JPM,-0.024710573715507,-0.1028846353292465,0.0006966501,1,0
2026-06-17,META,0.0169843076271576,-0.1112884879112243,0.0006966501,1,0
2026-06-17,MSFT,0.0012931709583141,-0.0632158517837524,0.0006966501,1,0
2026-06-17,NVDA,0.0295138796879976,-0.0600364059209823,0.0006966501,1,0
2026-06-17,TSLA,0.0103688009004834,-0.115294799208641,0.0006966501,1,0
2026-06-17,XOM,-0.0208185179781709,-0.0919590666890144,0.0006966501,1,0
2026-06-18,AAPL,-0.0033555138136291,-0.0436324328184127,0.0006966501,1,0
2026-06-18,AMZN,-0.0474651423236877,-0.065137043595314,0.0006966501,1,0
2026-06-18,AVGO,-0.0452155022456093,-0.1202894151210784,0.0006966501,1,0
2026-06-18,GOOGL,-0.0498600216066233,-0.0740846097469329,0.0006966501,1,0
2026-06-18,JPM,0.0192485335114962,-0.0999643057584762,0.0006966501,1,0
2026-06-18,META,-0.0231627382900512,-0.1097418144345283,0.0006966501,1,0
2026-06-18,MSFT,-0.0317869895596026,-0.0590401142835617,0.0006966501,1,0
2026-06-18,NVDA,-0.0096825435148927,-0.0571670085191726,0.0006966501,1,0
2026-06-18,TSLA,0.0113860462677861,-0.1150822713971138,0.0006966501,1,0
2026-06-18,XOM,0.0047892596483922,-0.0855578780174255,0.0006966501,1,0
2026-06-22,AAPL,-0.0091243987322962,-0.044233426451683,0.0006966501,1,0
2026-06-22,AMZN,0.0056703782906866,-0.0667159557342529,0.0006966501,1,0
2026-06-22,AVGO,-0.0305511203864859,-0.1278771758079528,0.0006966501,1,0
2026-06-22,GOOGL,-0.010152167234276,-0.0732059925794601,0.0006966501,1,0
2026-06-22,JPM,0.0080246187446038,-0.0994901210069656,0.0006966501,1,0
2026-06-22,META,-0.0029262453672923,-0.1106671690940857,0.0006966501,1,0
2026-06-22,MSFT,0.0179669695814514,-0.0562425255775451,0.0006966501,1,0
2026-06-22,NVDA,-0.0412652588418808,-0.0573541969060897,0.0006966501,1,0
2026-06-22,TSLA,-0.0578694066110849,-0.1157910376787185,0.0006966501,1,0
2026-06-22,XOM,0.009099320038135,-0.0793012827634811,0.0006966501,1,0
2026-06-23,AAPL,-0.0041454807068002,-0.0435562580823898,0.0006966501,1,0
2026-06-23,AMZN,0.0006834550497294,-0.0649921000003814,0.0006966501,1,0
2026-06-23,AVGO,0.0050506733093813,-0.1239362508058548,0.0006966501,1,0
2026-06-23,GOOGL,-0.0024267951640897,-0.0735386759042739,0.0006966501,1,0
2026-06-23,JPM,-0.0020649548862219,-0.1004809066653251,0.0006966501,1,0
2026-06-23,META,-0.0080576826725624,-0.1093175262212753,0.0006966501,1,0
2026-06-23,MSFT,-0.0226773926468503,-0.0554622709751129,0.0006966501,1,0
2026-06-23,NVDA,-0.0051989405557835,-0.0582559555768966,0.0006966501,1,0
2026-06-23,TSLA,-0.0159324619523894,-0.1105665415525436,0.0006966501,1,0
2026-06-23,XOM,-0.0202532722400159,-0.0730639845132827,0.0006966501,1,0
2026-06-24,AAPL,-0.0611777410540438,-0.0435791313648223,0.0006966501,1,0
2026-06-24,AMZN,-0.0309899245879613,-0.0650815218687057,0.0006966501,1,0
2026-06-24,AVGO,-0.0082707451554235,-0.123389221727848,0.0006966501,1,0
2026-06-24,GOOGL,-0.0045759359416727,-0.0729159414768219,0.0006966501,1,0
2026-06-24,JPM,0.0050081415856308,-0.0998893305659294,0.0006966501,1,0
2026-06-24,META,-0.0265389715181301,-0.1087914034724235,0.0006966501,1,0
2026-06-24,MSFT,-0.0345592514347155,-0.0609773397445678,0.0006966501,1,0
2026-06-24,NVDA,-0.0163818664909507,-0.0575902014970779,0.0006966501,1,0
2026-06-24,TSLA,-0.0010918000251435,-0.1044979989528656,0.0006966501,1,0
2026-06-24,XOM,0.0047479526389369,-0.0708435028791427,0.0006966501,1,0
2026-06-25,AAPL,0.0313646922531616,-0.0433001667261123,0.0006966501,1,0
2026-06-25,AMZN,0.0250209597463306,-0.0643951892852783,0.0006966501,1,0
2026-06-25,AVGO,-0.036657819836353,-0.1225795596837997,0.0006966501,1,0
2026-06-25,GOOGL,-0.018387530169818,-0.0727761387825012,0.0006966501,1,0
2026-06-25,JPM,-0.0181129392669057,-0.1007348597049713,0.0006966501,1,0
2026-06-25,META,0.0135944239858374,-0.1062671244144439,0.0006966501,1,0
2026-06-25,MSFT,0.0570813607053635,-0.0640955120325088,0.0006966501,1,0
2026-06-25,NVDA,-0.0163993494764463,-0.0577406585216522,0.0006966501,1,0
2026-06-25,TSLA,0.0122360748497469,-0.1005714684724807,0.0006966501,1,0
2026-06-25,XOM,-0.0073428384046325,-0.0692128986120224,0.0006966501,1,0
2026-06-26,AAPL,-0.0071886546929303,-0.0311343073844909,0.0006966501,1,0
2026-06-26,AMZN,0.0320168329970178,-0.0535172671079635,0.0006966501,1,0
2026-06-26,AVGO,0.0203551131910235,-0.1156307458877563,0.0006966501,1,0
2026-06-26,GOOGL,0.0481934460931963,-0.0633873492479324,0.0006966501,1,0
2026-06-26,JPM,0.0010333563941116,-0.1022574007511138,0.0006966501,1,0
2026-06-26,META,0.0224442991111994,-0.1038137376308441,0.0006966501,1,0
2026-06-26,MSFT,-0.011797171738171,-0.0612723380327224,0.0006966501,1,0
2026-06-26,NVDA,0.0126733411390749,-0.0562397390604019,0.0006966501,1,0
2026-06-26,TSLA,0.0846172226326935,-0.0974819585680961,0.0006966501,1,0
2026-06-26,XOM,-0.0035153524193102,-0.0700678676366806,0.0006966501,1,0
2026-06-29,AAPL,0.0270462129588564,-0.0338972955942153,0.0006966501,1,0
2026-06-29,AMZN,-0.007495640277891,-0.0583669990301132,0.0006966501,1,0
2026-06-29,AVGO,0.0142300647583886,-0.1125391721725463,0.0006966501,1,0
2026-06-29,GOOGL,0.0105189043498037,-0.0687306225299835,0.0006966501,1,0
2026-06-29,JPM,-0.0062540448872904,-0.101584106683731,0.0006966501,1,0
2026-06-29,META,0.0012264530240826,-0.1050781980156898,0.0006966501,1,0
2026-06-29,MSFT,0.0120736392196545,-0.0675573647022247,0.0006966501,1,0
2026-06-29,NVDA,0.0262604291438748,-0.0557862371206283,0.0006966501,1,0
2026-06-29,TSLA,0.0212704201717162,-0.101417064666748,0.0006966501,1,0
2026-06-29,XOM,0.0048507460159543,-0.0723100751638412,0.0006966501,1,0
2026-06-30,AAPL,0.0173486722756703,-0.0385694652795791,0.0006966501,1,0
2026-06-30,AMZN,0.0140975105394736,-0.065881535410881,0.0006966501,1,0
2026-06-30,AVGO,-0.0222634114152465,-0.1065411046147346,0.0006966501,1,0
2026-06-30,GOOGL,0.0107451410254897,-0.0743132084608078,0.0006966501,1,0
2026-06-30,JPM,0.0205909506467878,-0.1024122536182403,0.0006966501,1,0
2026-06-30,META,0.0880896111288149,-0.1057963222265243,0.0006966501,1,0
2026-06-30,MSFT,0.0301860993207296,-0.069797545671463,0.0006966501,1,0
2026-06-30,NVDA,-0.0125443172969975,-0.0548488348722457,0.0006966501,1,0
2026-06-30,TSLA,0.0111744689045403,-0.1076602861285209,0.0006966501,1,0
2026-06-30,XOM,-0.0032182199098965,-0.0766242742538452,0.0006966501,1,0
2026-07-01,AAPL,0.0484067536479817,-0.045818343758583,0.0006966501,1,0
2026-07-01,AMZN,0.0040132446543259,-0.0724022388458252,0.0006966501,1,0
2026-07-01,AVGO,-0.0240699199085016,-0.099718376994133,0.0006966501,1,0
2026-07-01,GOOGL,-0.0035990114068312,-0.0805274248123169,0.0006966501,1,0
2026-07-01,JPM,0.0011973154367344,-0.1004731655120849,0.0006966501,1,0
2026-07-01,META,-0.0489630615349638,-0.0987446010112762,0.0006966501,1,0
2026-07-01,MSFT,0.0161600174787186,-0.0729532688856124,0.0006966501,1,0
2026-07-01,NVDA,-0.0139183694612626,-0.0545199066400527,0.0006966501,1,0
2026-07-01,TSLA,-0.0748882588763245,-0.1122155785560607,0.0006966501,1,0
2026-07-01,XOM,0.0059435729074859,-0.0778369158506393,0.0006966501,1,0
2026-07-02,AAPL,0.0130577814399623,-0.052409216761589,0.0006966501,1,0
2026-07-02,AMZN,0.006140048231783,-0.0797926485538482,0.0006966501,1,0
2026-07-02,AVGO,0.0373144159632536,-0.0907758772373199,0.0006966501,1,0
2026-07-02,GOOGL,0.0181989495123644,-0.0862368419766426,0.0006966501,1,0
2026-07-02,JPM,0.0142655493966001,-0.0974552482366561,0.0006966501,1,0
2026-07-02,META,0.0298335098386071,-0.1009834110736846,0.0006966501,1,0
2026-07-02,MSFT,-0.0096033107380296,-0.0786125510931015,0.0006966501,1,0
2026-07-02,NVDA,0.0036955152018471,-0.0536716133356094,0.0006966501,1,0
2026-07-02,TSLA,0.0668953513535313,-0.1134905964136123,0.0006966501,1,0
2026-07-02,XOM,-0.0047413725984646,-0.079657182097435,0.0006966501,1,0
2026-07-06,AAPL,-0.0063967707444452,-0.0608533471822738,0.0006966501,1,0
2026-07-06,AMZN,0.0074540958311433,-0.0847257524728775,0.0006966501,1,0
2026-07-06,AVGO,-0.0083444642099974,-0.086623266339302,0.0006966501,1,0
2026-07-06,GOOGL,0.0015554420597831,-0.0866163671016693,0.0006966501,1,0
2026-07-06,JPM,0.004441549196311,-0.0948012769222259,0.0006966501,1,0
2026-07-06,META,0.0254710883442461,-0.0987981557846069,0.0006966501,1,0
2026-07-06,MSFT,0.0054300442631936,-0.0840749889612197,0.0006966501,1,0
2026-07-06,NVDA,0.0070569720545061,-0.051733985543251,0.0006966501,1,0
2026-07-06,TSLA,-0.0401886641701726,-0.1111495345830917,0.0006966501,1,0
2026-07-06,XOM,0.038478513271587,-0.0836726576089859,0.0006966501,1,0
2026-07-07,AAPL,0.0087877859803449,-0.0686399191617965,0.0006966501,1,0
2026-07-07,AMZN,-0.0095942786053447,-0.089188702404499,0.0006966501,1,0
2026-07-07,AVGO,0.048303586280473,-0.0885716453194618,0.0006966501,1,0
2026-07-07,GOOGL,-0.0139224916181418,-0.0884574204683303,0.0006966501,1,0
2026-07-07,JPM,-0.0253522966587111,-0.0925854071974754,0.0006966501,1,0
2026-07-07,META,-0.0202411085914728,-0.0978827625513076,0.0006966501,1,0
2026-07-07,MSFT,-0.0141446068933934,-0.0880710408091545,0.0006966501,1,0
2026-07-07,NVDA,0.0365104228116663,-0.0497937351465225,0.0006966501,1,0
2026-07-07,TSLA,-0.0219409195130487,-0.1207572966814041,0.0006966501,1,0
2026-07-07,XOM,-0.0039522847032361,-0.0860370993614196,0.0006966501,1,0
2026-07-08,AAPL,0.0090302295787214,-0.0734774768352508,0.0006966501,1,0
2026-07-08,AMZN,0.0140382490661334,-0.0930977165699005,0.0006966501,1,0
2026-07-08,AVGO,0.0319534406137149,-0.090499147772789,0.0006966501,1,0
2026-07-08,GOOGL,-0.0083719934993714,-0.0920631736516952,0.0006966501,1,0
2026-07-08,JPM,0.0146694276666374,-0.0920500233769416,0.0006966501,1,0
2026-07-08,META,0.0470221275718973,-0.1003322452306747,0.0006966501,1,0
2026-07-08,MSFT,0.0026607787100694,-0.0917628407478332,0.0006966501,1,0
2026-07-08,NVDA,-0.0065647597232084,-0.0512911677360534,0.0006966501,1,0
2026-07-08,TSLA,0.0316956562750774,-0.1271498203277588,0.0006966501,1,0
2026-07-08,XOM,-0.026004418912178,-0.0921247154474258,0.0006966501,1,0
2026-07-09,AAPL,-0.0028460437625229,-0.0766183733940124,0.0006966501,1,0
2026-07-09,AMZN,-0.0068814645176626,-0.0944723486900329,0.0006966501,1,0
2026-07-09,AVGO,-0.0028420736767752,-0.0939948856830596,0.0006966501,1,0
2026-07-09,GOOGL,-0.0047647515595333,-0.0941807851195335,0.0006966501,1,0
2026-07-09,JPM,0.0029808924683614,-0.0881353616714477,0.0006966501,1,0
2026-07-09,META,0.059748594842071,-0.0948503911495208,0.0006966501,1,0
2026-07-09,MSFT,0.0019252976861188,-0.0933085605502128,0.0006966501,1,0
2026-07-09,NVDA,0.0403393384145405,-0.056012287735939,0.0006966501,1,0
2026-07-09,TSLA,0.0029763178181974,-0.1305738389492035,0.0006966501,1,0
2026-07-09,XOM,0.0103303435224948,-0.098904974758625,0.0006966501,1,0
2026-07-10,AAPL,0.0063109392228586,-0.0796733498573303,0.0006966501,1,0
2026-07-10,AMZN,0.008029678202122,-0.1000440493226051,0.0006966501,1,0
2026-07-10,AVGO,-0.0398030186742671,-0.1010081768035888,0.0006966501,1,0
2026-07-10,GOOGL,-0.0130746178618731,-0.0977560132741928,0.0006966501,1,0
2026-07-10,JPM,-0.0057657515807292,-0.0865106880664825,0.0006966501,1,0
2026-07-10,META,-0.0186489160265687,-0.0904266238212585,0.0006966501,1,0
2026-07-10,MSFT,0.015294738983264,-0.0970621332526207,0.0006966501,1,0
2026-07-10,NVDA,-0.0352200018218653,-0.0582631230354309,0.0006966501,1,0
2026-07-10,TSLA,-0.0318814981573897,-0.1356808841228485,0.0006966501,1,0
2026-07-10,XOM,0.0405384888011115,-0.1011950224637985,0.0006966501,1,0
2026-07-13,AAPL,-0.0077211157480072,-0.0812520831823349,0.0006966501,1,0
2026-07-13,AMZN,0.0007278635572656,-0.0993267148733139,0.0006966501,1,0
2026-07-13,AVGO,0.0131753618524299,-0.1041569411754608,0.0006966501,1,0
2026-07-13,GOOGL,0.0198576218845583,-0.1007439345121383,0.0006966501,1,0
2026-07-13,JPM,0.0249903324056031,-0.0865537896752357,0.0006966501,1,0
2026-07-13,META,0.0065628152920891,-0.0994198620319366,0.0006966501,1,0
2026-07-13,MSFT,-0.0154991203785268,-0.0962417796254158,0.0006966501,1,0
2026-07-13,NVDA,0.040632911458909,-0.0637482553720474,0.0006966501,1,0
2026-07-13,TSLA,0.0035970789214423,-0.1406421661376953,0.0006966501,1,0
2026-07-13,XOM,0.0040135273491823,-0.1013525649905204,0.0006966501,1,0
2026-07-14,AAPL,0.0401448637922199,-0.0835723131895065,0.0006966501,1,0
2026-07-14,AMZN,0.0301830419608981,-0.0972352027893066,0.0006966501,1,0
2026-07-14,AVGO,0.0132867662675457,-0.103430189192295,0.0006966501,1,0
2026-07-14,GOOGL,0.0317376657169963,-0.0992857962846756,0.0006966501,1,0
2026-07-14,JPM,0.0117238439206039,-0.0856887251138687,0.0006966501,1,0
2026-07-14,META,0.0306638330585378,-0.1042747944593429,0.0006966501,1,0
2026-07-14,MSFT,0.0277972778669777,-0.0982412993907928,0.0006966501,1,0
2026-07-14,NVDA,0.0033049378756353,-0.0649870187044143,0.0006966501,1,0
2026-07-14,TSLA,-0.0043414641135368,-0.1353721022605896,0.0006966501,1,0
2026-07-14,XOM,-0.0039974833404675,-0.1068956777453422,0.0006966501,1,0
2026-07-15,AAPL,0.0175877819936127,-0.0813955515623092,0.0006966501,1,0
2026-07-15,AMZN,-0.0198855004342255,-0.0926928371191024,0.0006966501,1,0
2026-07-15,AVGO,-0.0502941732617931,-0.1042616069316864,0.0006966501,1,0
2026-07-15,GOOGL,-0.0443762400691557,-0.0939577370882034,0.0006966501,1,0
2026-07-15,JPM,-0.0108385740564784,-0.0855416357517242,0.0006966501,1,0
2026-07-15,META,-0.0246143746478749,-0.1057345792651176,0.0006966501,1,0
2026-07-15,MSFT,0.0138260361856914,-0.0956793129444122,0.0006966501,1,0
2026-07-15,NVDA,-0.0239999988498172,-0.0679272562265396,0.0006966501,1,0
2026-07-15,TSLA,-0.0086193631043354,-0.1274465769529342,0.0006966501,1,0
2026-07-15,XOM,0.0099647405575409,-0.1135995835065841,0.0006966501,1,0
2026-07-16,AAPL,0.0014402172368908,-0.0815951824188232,0.0006966501,1,0
2026-07-16,AMZN,-0.010644698341696,-0.0936868116259574,0.0006966501,1,0
2026-07-16,AVGO,-0.0096675804960695,-0.1094445213675499,0.0006966501,1,0
2026-07-16,GOOGL,-0.0216949685220328,-0.0909777283668518,0.0006966501,1,0
2026-07-16,JPM,-0.0059740283532896,-0.0856936872005462,0.0006966501,1,0
2026-07-16,META,-0.0278839029620522,-0.1108099296689033,0.0006966501,1,0
2026-07-16,MSFT,-0.0181501018138515,-0.0944178998470306,0.0006966501,1,0
2026-07-16,NVDA,-0.0221311464542836,-0.0710858553647995,0.0006966501,1,0
2026-07-16,TSLA,-0.0261341003541837,-0.1209389418363571,0.0006966501,1,0
2026-07-16,XOM,0.0096608145069108,-0.1157997846603393,0.0006966501,1,0
2026-07-17,AAPL,-0.0214238359199339,-0.0827475041151046,0.0006966501,1,0
2026-07-17,AMZN,0.0111637334195755,-0.0923455506563186,0.0006966501,1,0
2026-07-17,AVGO,0.0197665166120952,-0.1111672818660736,0.0006966501,1,0
2026-07-17,GOOGL,0.015053198140839,-0.0921514928340911,0.0006966501,1,0
2026-07-17,JPM,-0.0065377043284231,-0.0859434977173805,0.0006966501,1,0
2026-07-17,META,-0.0002477270897792,-0.1185136958956718,0.0006966501,1,0
2026-07-17,MSFT,0.0215073297927728,-0.094600960612297,0.0006966501,1,0
2026-07-17,NVDA,0.0023174782510451,-0.0703794807195663,0.0006966501,1,0
2026-07-17,TSLA,-0.0295924512184713,-0.1188121289014816,0.0006966501,1,0
2026-07-17,XOM,0.0067861674115141,-0.1172115057706832,0.0006966501,1,0
2026-07-20,AAPL,0.003521260130602,-0.0848350673913955,0.0006966501,1,0
2026-07-20,AMZN,-0.0097603999671619,-0.0881854817271232,0.0006966501,1,0
2026-07-20,AVGO,0.0220541470730006,-0.1106890961527824,0.0006966501,1,0
2026-07-20,GOOGL,-0.0137503699052946,-0.0909875556826591,0.0006966501,1,0
2026-07-20,JPM,0.018768306314465,-0.0863281786441803,0.0006966501,1,0
2026-07-20,META,-0.0031585942625343,-0.1229701936244964,0.0006966501,1,0
2026-07-20,MSFT,-0.0112854522943999,-0.093748852610588,0.0006966501,1,0
2026-07-20,NVDA,0.0197264382140647,-0.0712019056081771,0.0006966501,1,0
2026-07-20,TSLA,0.0253266909274678,-0.1124957054853439,0.0006966501,1,0
2026-07-20,XOM,0.0225801933652844,-0.1197401285171508,0.0006966501,1,0
2026-07-21,AAPL,-0.0056446660012506,-0.0845067054033279,0.0006966501,1,0
2026-07-21,AMZN,-0.0109068750351729,-0.0883412510156631,0.0006966501,1,0
2026-07-21,AVGO,0.0266752847570341,-0.1099350005388259,0.0006966501,1,0
2026-07-21,GOOGL,-0.014575869467767,-0.0934757366776466,0.0006966501,1,0
2026-07-21,JPM,0.0086318696924294,-0.0857721716165542,0.0006966501,1,0
2026-07-21,META,-0.0258461575799358,-0.1299374997615814,0.0006966501,1,0
2026-07-21,MSFT,-0.0186297436648003,-0.0958686545491218,0.0006966501,1,0
2026-07-21,NVDA,0.0230112913458464,-0.0712277293205261,0.0006966501,1,0
2026-07-21,TSLA,-0.0129838835807487,-0.1077490746974945,0.0006966501,1,0
2026-07-21,XOM,0.0180607343097161,-0.119804248213768,0.0006966501,1,0
2026-07-22,AAPL,-0.0129798205399621,-0.0838130414485931,0.0006966501,1,0
2026-07-22,AMZN,-0.0457014586990675,-0.0890834107995033,0.0006966501,1,0
2026-07-22,AVGO,-0.0109372152027237,-0.1083422899246215,0.0006966501,1,0
2026-07-22,GOOGL,-0.0713262081960265,-0.0932797789573669,0.0006966501,1,0
2026-07-22,JPM,0.0048534001978064,-0.0853223353624343,0.0006966501,1,0
2026-07-22,META,-0.0335953695144193,-0.1448320597410202,0.0006966501,1,0
2026-07-22,MSFT,-0.0224420261951707,-0.0976628065109252,0.0006966501,1,0
2026-07-22,NVDA,-0.0155616998694212,-0.0697899609804153,0.0006966501,1,0
2026-07-22,TSLA,-0.1452367741661744,-0.1080631464719772,0.0006966501,1,0
2026-07-22,XOM,0.015797985764024,-0.1202346682548523,0.0006966501,1,0
2026-07-23,AAPL,0.0353167241362775,-0.0826605111360549,0.0006966501,1,0
2026-07-23,AMZN,-0.0066335831013646,-0.0876925587654113,0.0006966501,1,0
2026-07-23,AVGO,-0.0268810043064565,-0.1066306829452514,0.0006966501,1,0
2026-07-23,GOOGL,0.006452807304242,-0.0885910838842392,0.0006966501,1,0
2026-07-23,JPM,0.0094598388577651,-0.0854047238826751,0.0006966501,1,0
2026-07-23,META,-0.01800028639497,-0.1589590907096862,0.0006966501,1,0
2026-07-23,MSFT,0.0003145803337292,-0.0984764844179153,0.0006966501,1,0
2026-07-23,NVDA,-0.0091971295484128,-0.0713349431753158,0.0006966501,1,0
2026-07-23,TSLA,-0.0208326929564525,-0.1031152158975601,0.0006966501,1,0
2026-07-23,XOM,0.0003187221668721,-0.1212868466973304,0.0006966501,1,0
2026-07-24,AAPL,0.0116810095133483,-0.0786961913108825,0.0006966501,1,0
2026-07-24,AMZN,-0.003101982761664,-0.0816517025232315,0.0006966501,1,0
2026-07-24,AVGO,0.0034038221283596,-0.108016550540924,0.0006966501,1,0
2026-07-24,GOOGL,0.0213298110598243,-0.0842650234699249,0.0006966501,1,0
2026-07-24,JPM,0.008465277948779,-0.0857921168208122,0.0006966501,1,0
2026-07-24,META,-0.0022177914931437,-0.1617897450923919,0.0006966501,1,0
2026-07-24,MSFT,0.0193869054461113,-0.0992121323943138,0.0006966501,1,0
2026-07-24,NVDA,-0.0499419695922879,-0.0713861286640167,0.0006966501,1,0
2026-07-24,TSLA,-0.0121713496260784,-0.0943009182810783,0.0006966501,1,0
2026-07-24,XOM,-0.0138269212891609,-0.1228644251823425,0.0006966501,1,0
2026-07-27,AAPL,0.009408945533389,-0.0775557309389114,0.0006966501,1,0
2026-07-27,AMZN,-0.0022904999381773,-0.0742985010147094,0.0006966501,1,0
2026-07-27,AVGO,-0.0060278627191574,-0.1080239564180374,0.0006966501,1,0
2026-07-27,GOOGL,0.0218949331970805,-0.081918865442276,0.0006966501,1,0
2026-07-27,JPM,0.0031161856078694,-0.0873607099056243,0.0006966501,1,0
2026-07-27,META,-0.0007746173008209,-0.1592030078172683,0.0006966501,1,0
2026-07-27,MSFT,0.0109226161851041,-0.0962835922837257,0.0006966501,1,0
2026-07-27,NVDA,0.0025443706256604,-0.0735529661178588,0.0006966501,1,0
2026-07-27,TSLA,-0.0057564154073798,-0.0857487395405769,0.0006966501,1,0
2026-07-27,XOM,-0.0111778896722205,-0.1255524754524231,0.0006966501,1,0
2026-07-28,AAPL,-0.0055574127067582,-0.0775956511497497,0.0006966501,1,0
2026-07-28,AMZN,-0.0182361894773313,-0.0678484290838241,0.0006966501,1,0
2026-07-28,AVGO,-0.0278018330736321,-0.1086687594652175,0.0006966501,1,0
2026-07-28,GOOGL,0.0089898549458111,-0.0827426463365554,0.0006966501,1,0
2026-07-28,JPM,-0.0352635140063477,-0.088474228978157,0.0006966501,1,0
2026-07-28,META,-0.0131443490099028,-0.1519744247198104,0.0006966501,1,0
2026-07-28,MSFT,-0.0071437599192979,-0.0946496278047561,0.0006966501,1,0
2026-07-28,NVDA,-0.0355311729654821,-0.0689723640680313,0.0006966501,1,0
2026-07-28,TSLA,-0.0296643086285612,-0.0809892565011978,0.0006966501,1,0
2026-07-28,XOM,0.0242419948652818,-0.1280573606491089,0.0006966501,1,0
2026-07-29,AAPL,-0.0140749933550157,-0.0754926353693008,0.0006966501,1,0
2026-07-29,AMZN,0.0390470167299346,-0.0611359328031539,0.0006966501,1,0
2026-07-29,AVGO,0.0473104036162239,-0.1085154190659523,0.0006966501,1,0
2026-07-29,GOOGL,-0.0090582217342543,-0.0823320150375366,0.0006966501,1,0
2026-07-29,JPM,0.017812116853705,-0.0937438383698463,0.0006966501,1,0
2026-07-29,META,-0.0795409183925097,-0.137483075261116,0.0006966501,1,0
2026-07-29,MSFT,0.155067391655117,-0.0899733155965805,0.0006966501,1,0
2026-07-29,NVDA,0.0264722403535386,-0.0623524188995361,0.0006966501,1,0
2026-07-29,TSLA,0.0352976619762974,-0.0804989486932754,0.0006966501,1,0
2026-07-29,XOM,0.001403590864726,-0.1254580318927765,0.0006966501,1,0
2026-07-30,AAPL,-0.0735385844020827,-0.072966068983078,0.0006966501,1,0
2026-07-30,AMZN,0.153205887780321,-0.0569363385438919,0.0006966501,1,0
2026-07-30,AVGO,0.0037128776170669,-0.108030691742897,0.0006966501,1,0
2026-07-30,GOOGL,0.0673440018567961,-0.084148034453392,0.0006966501,1,0
2026-07-30,JPM,0.0026792145505305,-0.0926577150821685,0.0006966501,1,0
2026-07-30,META,0.0327996432756139,-0.1196454614400863,0.0006966501,1,0
2026-07-30,MSFT,0.0301928219380527,-0.0853733718395233,0.0006966501,1,0
2026-07-30,NVDA,0.0292761023113203,-0.0617773681879043,0.0006966501,1,0
2026-07-30,TSLA,0.0076412022176599,-0.0854950696229934,0.0006966501,1,0
2026-07-30,XOM,-0.0097470855113646,-0.1247996911406517,0.0006966501,1,0
2026-07-31,AAPL,-0.0177721356729985,-0.0684746652841568,0.0006966501,1,0
2026-07-31,AMZN,0.0458060352620868,-0.0662271380424499,0.0006966501,1,0
2026-07-31,AVGO,0.0075781242711721,-0.1114524602890014,0.0006966501,1,0
2026-07-31,GOOGL,0.0488024014737564,-0.080016866326332,0.0006966501,1,0
2026-07-31,JPM,0.0024162315099038,-0.0920901447534561,0.0006966501,1,0
2026-07-31,META,0.0602287850736151,-0.1088775992393493,0.0006966501,1,0
2026-07-31,MSFT,0.0493415105348051,-0.0827750414609909,0.0006966501,1,0
2026-07-31,NVDA,0.0293400058607569,-0.0621891468763351,0.0006966501,1,0
2026-07-31,TSLA,0.0349281688109186,-0.0913668572902679,0.0006966501,1,0
2026-07-31,XOM,-0.0024447261583624,-0.1280355155467987,0.0006966501,1,0
2026-08-03,AAPL,0.0196426378360965,-0.0616626888513565,0.0006966501,1,0
2026-08-03,AMZN,-0.0232377150948336,-0.0761890411376953,0.0006966501,1,0
2026-08-03,AVGO,0.0661091501146888,-0.1139186322689056,0.0006966501,1,0
2026-08-03,GOOGL,0.0110840094531134,-0.0795319527387619,0.0006966501,1,0
2026-08-03,JPM,0.0138384022303863,-0.0921741649508476,0.0006966501,1,0
2026-08-03,META,-0.0038966993613147,-0.1082729324698448,0.0006966501,1,0
2026-08-03,MSFT,0.0105814114609488,-0.0799982398748397,0.0006966501,1,0
2026-08-03,NVDA,0.0256484276188837,-0.0640957951545715,0.0006966501,1,0
2026-08-03,TSLA,0.0163624557593167,-0.0978400409221649,0.0006966501,1,0
2026-08-03,XOM,-0.0070939476370097,-0.1312059015035629,0.0006966501,1,0
2026-08-04,AAPL,0.0052363365961669,-0.0536736100912094,0.0006966501,1,0
2026-08-04,AMZN,-0.0171942156310671,-0.0882588326930999,0.0006966501,1,0
2026-08-04,AVGO,0.0002869598147519,-0.1049012392759323,0.0006966501,1,0
2026-08-04,GOOGL,-0.0403018997668452,-0.0821149498224258,0.0006966501,1,0
2026-08-04,JPM,0.0048109232310289,-0.0916513055562973,0.0006966501,1,0
2026-08-04,META,0.0014117377392202,-0.1128657907247543,0.0006966501,1,0
2026-08-04,MSFT,-0.0108561479126266,-0.0818732380867004,0.0006966501,1,0
2026-08-04,NVDA,0.0343493577095577,-0.0670531690120697,0.0006966501,1,0
2026-08-04,TSLA,-0.0177180944017235,-0.1025764346122741,0.0006966501,1,0
2026-08-04,XOM,-0.0151338502405483,-0.1335115432739257,0.0006966501,1,0
2026-08-05,AAPL,0.0045337552777839,-0.0505654066801071,0.0006966501,1,0
2026-08-05,AMZN,-0.001430347110176,-0.0921799838542938,0.0006966501,1,0
2026-08-05,AVGO,0.0054748220130178,-0.1007622703909874,0.0006966501,1,0
2026-08-05,GOOGL,-0.012912777267041,-0.0827508419752121,0.0006966501,1,0
2026-08-05,JPM,-0.0081839509000324,-0.0907256230711937,0.0006966501,1,0
2026-08-05,META,0.0019192636264193,-0.1208760887384414,0.0006966501,1,0
2026-08-05,MSFT,0.0254379393286465,-0.083239808678627,0.0006966501,1,0
2026-08-05,NVDA,-0.0010491442116171,-0.0667461454868316,0.0006966501,1,0
2026-08-05,TSLA,-0.0062820372892454,-0.1064271479845047,0.0006966501,1,0
2026-08-05,XOM,0.021169937932562,-0.1353105008602142,0.0006966501,1,0
2026-08-06,AAPL,0.0029447910342257,-0.0500630140304565,0.0006966501,1,0
2026-08-06,AMZN,0.0081539746605248,-0.0926872566342353,0.0006966501,1,0
2026-08-06,AVGO,0.0170958516208774,-0.0982494056224823,0.0006966501,1,0
2026-08-06,GOOGL,-0.0096436926248602,-0.0862364172935485,0.0006966501,1,0
2026-08-06,JPM,0.0034240843741257,-0.089677020907402,0.0006966501,1,0
2026-08-06,META,0.0037293627408476,-0.1259290874004364,0.0006966501,1,0
2026-08-06,MSFT,0.0002600828754204,-0.0840483605861663,0.0006966501,1,0
2026-08-06,NVDA,0.0226951088779276,-0.0676031559705734,0.0006966501,1,0
2026-08-06,TSLA,0.0283228110898585,-0.1119064688682556,0.0006966501,1,0
2026-08-06,XOM,-0.0116249153219847,-0.1336293965578079,0.0006966501,1,0
2026-08-07,AAPL,-0.0153324852437281,-0.0525903701782226,0.0006966501,1,0
2026-08-07,AMZN,0.0131520883382008,-0.0942633002996444,0.0006966501,1,0
2026-08-07,AVGO,-0.0125304276855553,-0.0966279581189155,0.0006966501,1,0
2026-08-07,GOOGL,0.009088414275721,-0.0924784392118454,0.0006966501,1,0
2026-08-07,JPM,0.0063493499692492,-0.0890119597315788,0.0006966501,1,0
2026-08-07,META,0.0047627215681407,-0.125350683927536,0.0006966501,1,0
2026-08-07,MSFT,0.0121403028101398,-0.0859328508377075,0.0006966501,1,0
2026-08-07,NVDA,-0.0286212340490489,-0.06745345890522,0.0006966501,1,0
2026-08-07,TSLA,0.006999873408422,-0.1128941401839256,0.0006966501,1,0
2026-08-07,XOM,0.0441061126908459,-0.1337081491947174,0.0006966501,1,0
2026-08-10,AAPL,-0.0108674690111854,-0.0546240955591201,0.0006966501,1,0
2026-08-10,AMZN,-0.0209285030057219,-0.0936094224452972,0.0006966501,1,0
2026-08-10,AVGO,-0.0149621387678513,-0.0995834693312645,0.0006966501,1,0
2026-08-10,GOOGL,-0.0383755463289513,-0.098341554403305,0.0006966501,1,0
2026-08-10,JPM,0.0062536478127881,-0.0880003049969673,0.0006966501,1,0
2026-08-10,META,0.0070597934641329,-0.1222718209028244,0.0006966501,1,0
2026-08-10,MSFT,-0.0044461452724045,-0.0857948437333107,0.0006966501,1,0
2026-08-10,NVDA,-0.0002298225717785,-0.0695837289094924,0.0006966501,1,0
2026-08-10,TSLA,0.0058329081458541,-0.1163068711757659,0.0006966501,1,0
2026-08-10,XOM,6.256832297490966e-05,-0.1296967417001724,0.0006966501,1,0
2026-08-11,AAPL,-0.0087238976424568,-0.0535127967596054,0.0006966501,1,0
2026-08-11,AMZN,-0.0183273604720513,-0.0946352705359458,0.0006966501,1,0
2026-08-11,AVGO,-7.209858744694486e-05,-0.1033897772431373,0.0006966501,1,0
2026-08-11,GOOGL,-0.0007561464545453,-0.0992688983678817,0.0006966501,1,0
2026-08-11,JPM,0.0086730307611011,-0.0866146236658096,0.0006966501,1,0
2026-08-11,META,-0.0338329878763021,-0.120700292289257,0.0006966501,1,0
2026-08-11,MSFT,-0.0225878705115589,-0.088135041296482,0.0006966501,1,0
2026-08-11,NVDA,0.0302988141435247,-0.0692849904298782,0.0006966501,1,0
2026-08-11,TSLA,-0.01592496569168,-0.1176891177892685,0.0006966501,1,0
2026-08-11,XOM,-0.0003129181472054,-0.1292242109775543,0.0006966501,1,0
2026-08-12,AAPL,0.0099586758167906,-0.0512198358774185,0.0006966501,1,0
2026-08-12,AMZN,-0.00804397600383,-0.0960567891597747,0.0006966501,1,0
2026-08-12,AVGO,0.0042543434279123,-0.105977177619934,0.0006966501,1,0
2026-08-12,GOOGL,0.0082086150546565,-0.0976115614175796,0.0006966501,1,0
2026-08-12,JPM,-0.0056684576530363,-0.0846015587449073,0.0006966501,1,0
2026-08-12,META,0.0278483126839041,-0.1142054796218872,0.0006966501,1,0
2026-08-12,MSFT,0.0090368415957975,-0.0942760407924652,0.0006966501,1,0
2026-08-12,NVDA,0.0053996895745995,-0.0680739879608154,0.0006966501,1,0
2026-08-12,TSLA,0.0380140493976433,-0.1180265396833419,0.0006966501,1,0
2026-08-12,XOM,-0.0071361132610672,-0.1286648511886596,0.0006966501,1,0
2026-08-13,AAPL,0.0021947942367905,-0.0495002418756485,0.0006966501,1,0
2026-08-13,AMZN,-0.0093539431247108,-0.0980638265609741,0.0006966501,1,0
2026-08-13,AVGO,-0.0594275445277475,-0.1108572632074356,0.0006966501,1,0
2026-08-13,GOOGL,-0.0013281334171028,-0.0995136350393295,0.0006966501,1,0
2026-08-13,JPM,-0.0007435461005306,-0.0840914025902748,0.0006966501,1,0
2026-08-13,META,-0.0086054681232681,-0.1125481724739074,0.0006966501,1,0
2026-08-13,MSFT,-0.0029786161255702,-0.0965726301074028,0.0006966501,1,0
2026-08-13,NVDA,-0.0006214082568848,-0.0684326440095901,0.0006966501,1,0
2026-08-13,TSLA,0.0067949100384037,-0.1144620329141616,0.0006966501,1,0
2026-08-13,XOM,0.0093941676395272,-0.1316667199134826,0.0006966501,1,0
2026-08-14,AAPL,-0.0011113534012042,-0.0479722172021865,0.0006966501,1,0
2026-08-14,AMZN,-0.0051018327395004,-0.0911348015069961,0.0006966501,1,0
2026-08-14,AVGO,-0.0014249664686363,-0.119023784995079,0.0006966501,1,0
2026-08-14,GOOGL,-0.00549289893239,-0.0988395065069198,0.0006966501,1,0
2026-08-14,JPM,-0.0051813606597597,-0.0832874029874801,0.0006966501,1,0
2026-08-14,META,-0.0353988399542968,-0.1115321144461631,0.0006966501,1,0
2026-08-14,MSFT,-0.0303794444960473,-0.0995278283953666,0.0006966501,1,0
2026-08-14,NVDA,-0.0006662327786121,-0.0691339522600174,0.0006966501,1,0
2026-08-14,TSLA,-0.0086773638239854,-0.1142129898071289,0.0006966501,1,0
2026-08-14,XOM,0.0150248273062383,-0.1319278180599212,0.0006966501,1,0
2026-08-17,AAPL,0.0145292794090581,-0.0456466227769851,0.0006966501,1,0
2026-08-17,AMZN,-0.0071179264817273,-0.0787020325660705,0.0006966501,1,0
2026-08-17,AVGO,-0.0316744206808136,-0.1251916289329528,0.0006966501,1,0
2026-08-17,GOOGL,0.0005814494887728,-0.0942746400833129,0.0006966501,1,0
2026-08-17,JPM,0.0063442170853631,-0.0827528834342956,0.0006966501,1,0
2026-08-17,META,-0.0444662971609967,-0.1030502021312713,0.0006966501,1,0
2026-08-17,MSFT,0.0026647089144136,-0.1096961945295333,0.0006966501,1,0
2026-08-17,NVDA,-0.023421134867455,-0.0683280676603317,0.0006966501,1,0
2026-08-17,TSLA,-0.0071617823849259,-0.1163846477866172,0.0006966501,1,0
2026-08-17,XOM,0.0253932285039006,-0.1333600282669067,0.0006966501,1,0
2026-08-18,AAPL,0.021933322000267,-0.044637992978096,0.0006966501,1,0
2026-08-18,AMZN,0.0246289606098011,-0.0701751559972763,0.0006966501,1,0
2026-08-18,AVGO,-0.0461052342465049,-0.121303766965866,0.0006966501,1,0
2026-08-18,GOOGL,0.0015107127258384,-0.0879315733909607,0.0006966501,1,0
2026-08-18,JPM,-0.0164899937629043,-0.0807488411664962,0.0006966501,1,0
2026-08-18,META,0.004340953999494,-0.0943251997232437,0.0006966501,1,0
2026-08-18,MSFT,0.0055644226358424,-0.1130384653806686,0.0006966501,1,0
2026-08-18,NVDA,-0.0099208295431598,-0.0682679563760757,0.0006966501,1,0
2026-08-18,TSLA,0.0423011850463048,-0.1148048788309097,0.0006966501,1,0
2026-08-18,XOM,-0.0047716434995308,-0.1308895796537399,0.0006966501,1,0
2026-08-19,AAPL,-0.0174541521120682,-0.0470304936170578,0.0006966501,1,0
2026-08-19,AMZN,-0.0215543600107679,-0.0661731511354446,0.0006966501,1,0
2026-08-19,AVGO,0.0042760641855841,-0.1121795400977134,0.0006966501,1,0
2026-08-19,GOOGL,-0.0117486521051591,-0.084184780716896,0.0006966501,1,0
2026-08-19,JPM,-0.0159828187218665,-0.0793328285217285,0.0006966501,1,0
2026-08-19,META,-0.0003663025773303,-0.0930756032466888,0.0006966501,1,0
2026-08-19,MSFT,-0.0046545304683678,-0.116901621222496,0.0006966501,1,0
2026-08-19,NVDA,-0.0032634287304742,-0.0658298879861831,0.0006966501,1,0
2026-08-19,TSLA,-0.0170596671157272,-0.1120968535542488,0.0006966501,1,0
2026-08-19,XOM,0.0083752478499758,-0.131983146071434,0.0006966501,1,0
2026-08-20,AAPL,-0.0062639953932474,-0.0520775020122528,0.0006966501,1,0
2026-08-20,AMZN,-0.0056898256587484,-0.0662550330162048,0.0006966501,1,0
2026-08-20,AVGO,0.0121418933674588,-0.1004425287246704,0.0006966501,1,0
2026-08-20,GOOGL,0.0121818904142596,-0.0843776762485504,0.0006966501,1,0
2026-08-20,JPM,8.533289813272837e-05,-0.0769287198781967,0.0006966501,1,0
2026-08-20,META,0.007456547270739,-0.0917547643184661,0.0006966501,1,0
2026-08-20,MSFT,0.0043437521862264,-0.1154274046421051,0.0006966501,1,0
2026-08-20,NVDA,-0.0098224815890111,-0.0628255009651184,0.0006966501,1,0
2026-08-20,TSLA,0.0513718894848627,-0.1178700923919677,0.0006966501,1,0
2026-08-20,XOM,-0.0062593639743421,-0.131236582994461,0.0006966501,1,0
2026-08-21,AAPL,0.0032002269754076,-0.0550984591245651,0.0006966501,1,0
2026-08-21,AMZN,0.0133008636912215,-0.0658431351184845,0.0006966501,1,0
2026-08-21,AVGO,-0.0262993679478059,-0.0912104099988937,0.0006966501,1,0
2026-08-21,GOOGL,0.0093961956831698,-0.0843180269002914,0.0006966501,1,0
2026-08-21,JPM,0.0136811771428382,-0.0732345134019851,0.0006966501,1,0
2026-08-21,META,0.0165848239903338,-0.0941640511155128,0.0006966501,1,0
2026-08-21,MSFT,0.0084223313601277,-0.1112938970327377,0.0006966501,1,0
2026-08-21,NVDA,-0.0290611334729919,-0.0606896132230758,0.0006966501,1,0
2026-08-21,TSLA,-0.038334271361044,-0.110883392393589,0.0006966501,1,0
2026-08-21,XOM,-0.0064199476390002,-0.1328069567680359,0.0006966501,1,0
2026-08-24,AAPL,-0.0014178077160482,-0.0568754225969314,0.0006966501,1,0
2026-08-24,AMZN,-0.0038539693112441,-0.0640931129455566,0.0006966501,1,0
2026-08-24,AVGO,-0.0056305593607538,-0.0858008787035942,0.0006966501,1,0
2026-08-24,GOOGL,-0.0031604056324742,-0.0823130160570144,0.0006966501,1,0
2026-08-24,JPM,0.000841740174075,-0.0716548115015029,0.0006966501,1,0
2026-08-24,META,0.0197309002832628,-0.0973174721002578,0.0006966501,1,0
2026-08-24,MSFT,0.0090291476032262,-0.1059648469090461,0.0006966501,1,0
2026-08-24,NVDA,0.0219205851487953,-0.0588939934968948,0.0006966501,1,0
2026-08-24,TSLA,0.0037254269880853,-0.116031527519226,0.0006966501,1,0
2026-08-24,XOM,-0.0207863675627821,-0.1343448609113693,0.0006966501,1,0
2026-08-25,AAPL,0.0114553674748787,-0.0597099214792251,0.0006966501,1,0
2026-08-25,AMZN,-0.0029878142442016,-0.0673168152570724,0.0006966501,1,0
2026-08-25,AVGO,-0.0032236192408057,-0.0848497152328491,0.0006966501,1,0
2026-08-25,GOOGL,-0.014295607012993,-0.0829991400241851,0.0006966501,1,0
2026-08-25,JPM,-0.0005326822734188,-0.0724724978208541,0.0006966501,1,0
2026-08-25,META,0.0106833207365675,-0.1023324429988861,0.0006966501,1,0
2026-08-25,MSFT,0.0094771384415424,-0.1009766310453414,0.0006966501,1,0
2026-08-25,NVDA,-0.0159117775719644,-0.0550983995199203,0.0006966501,1,0
2026-08-25,TSLA,-0.0126480875825303,-0.1165317147970199,0.0006966501,1,0
2026-08-25,XOM,-0.0152514750843559,-0.1364358812570572,0.0006966501,1,0
2026-08-26,AAPL,0.0036049587533211,-0.0604466199874877,0.0006966501,1,0
2026-08-26,AMZN,-0.0154448633491834,-0.0724320411682128,0.0006966501,1,0
2026-08-26,AVGO,0.0448550644598988,-0.0842110440135002,0.0006966501,1,0
2026-08-26,GOOGL,-0.003947334232365,-0.0838226750493049,0.0006966501,1,0
2026-08-26,JPM,-0.0063955084973263,-0.0742945969104766,0.0006966501,1,0
2026-08-26,META,-0.0087479413586217,-0.0979005992412567,0.0006966501,1,0
2026-08-26,MSFT,0.0175071066480452,-0.096359334886074,0.0006966501,1,0
2026-08-26,NVDA,0.0873795257094394,-0.0515158623456954,0.0006966501,1,0
2026-08-26,TSLA,0.0259961541957476,-0.1209266036748886,0.0006966501,1,0
2026-08-26,XOM,-0.0110626460142334,-0.1353829205036163,0.0006966501,1,0
2026-08-27,AAPL,0.0162757513297477,-0.063155248761177,0.0006966501,1,0
2026-08-27,AMZN,0.0396861879442589,-0.0772488415241241,0.0006966501,1,0
2026-08-27,AVGO,-0.0074016254959188,-0.0856970697641372,0.0006966501,1,0
2026-08-27,GOOGL,0.0174372620458762,-0.0831701755523681,0.0006966501,1,0
2026-08-27,JPM,0.0095985373066664,-0.0765868574380874,0.0006966501,1,0
2026-08-27,META,0.0121170447227083,-0.1053032949566841,0.0006966501,1,0
2026-08-27,MSFT,0.0167703476403289,-0.0884260684251785,0.0006966501,1,0
2026-08-27,NVDA,-0.0457495971140021,-0.0487184077501297,0.0006966501,1,0
2026-08-27,TSLA,-0.0170795569467935,-0.1179904267191886,0.0006966501,1,0
2026-08-27,XOM,0.0017259285876198,-0.1338198632001876,0.0006966501,1,0
2026-08-28,AAPL,-0.0089146261954785,-0.064740389585495,0.0006966501,1,0
2026-08-28,AMZN,-0.0249971994339763,-0.0739842504262924,0.0006966501,1,0
2026-08-28,AVGO,0.0042029007214277,-0.0910250917077064,0.0006966501,1,0
2026-08-28,GOOGL,-0.0208892412407445,-0.0786620378494262,0.0006966501,1,0
2026-08-28,JPM,-0.0044740398337943,-0.0779750794172287,0.0006966501,1,0
2026-08-28,META,-0.0098266365936382,-0.1067292988300323,0.0006966501,1,0
2026-08-28,MSFT,-0.0121512285474267,-0.0831158310174942,0.0006966501,1,0
2026-08-28,NVDA,0.0148471841398407,-0.0523807108402252,0.0006966501,1,0
2026-08-28,TSLA,0.0550537984431005,-0.1187268644571304,0.0006966501,1,0
2026-08-28,XOM,0.0270562826413292,-0.1297106146812439,0.0006966501,1,0
2026-08-31,AAPL,0.0261322348739099,-0.0681704580783844,0.0006966501,1,0
2026-08-31,AMZN,-0.018670327789371,-0.0743913203477859,0.0006966501,1,0
2026-08-31,AVGO,-0.001782156042112,-0.0939470380544662,0.0006966501,1,0
2026-08-31,GOOGL,-0.0127597506199675,-0.0730156749486923,0.0006966501,1,0
2026-08-31,JPM,-0.0030053840785876,-0.0775426924228668,0.0006966501,1,0
2026-08-31,META,0.0108326359872794,-0.1074272766709327,0.0006966501,1,0
2026-08-31,MSFT,-0.0123598324935169,-0.0761523693799972,0.0006966501,1,0
2026-08-31,NVDA,-0.0151281413665632,-0.0550304055213928,0.0006966501,1,0
2026-08-31,TSLA,-0.0322326823635692,-0.1121316254138946,0.0006966501,1,0
2026-08-31,XOM,0.0223672331269026,-0.1218293383717536,0.0006966501,1,0
2026-09-01,AAPL,-0.0005229090676993,-0.0676588714122772,0.0006966501,1,0
2026-09-01,AMZN,0.0002353583831189,-0.0741253495216369,0.0006966501,1,0
2026-09-01,AVGO,-0.0066003096996007,-0.094452291727066,0.0006966501,1,0
2026-09-01,GOOGL,0.0062683195144821,-0.070715382695198,0.0006966501,1,0
2026-09-01,JPM,0.003577937653179,-0.0781899690628051,0.0006966501,1,0
2026-09-01,META,0.024734673664881,-0.1059101521968841,0.0006966501,1,0
2026-09-01,MSFT,-0.0083828625235518,-0.0721226036548614,0.0006966501,1,0
2026-09-01,NVDA,0.0320547924610696,-0.0593548268079757,0.0006966501,1,0
2026-09-01,TSLA,0.0025836542368389,-0.1147268116474151,0.0006966501,1,0
2026-09-01,XOM,-0.0024309276685191,-0.1169185936450958,0.0006966501,1,0
2026-09-02,AAPL,0.010001231183714,-0.0709447413682937,0.0006966501,1,0
2026-09-02,AMZN,0.015373747880732,-0.0706769973039627,0.0006966501,1,0
2026-09-02,AVGO,-0.0274479545809608,-0.087158516049385,0.0006966501,1,0
2026-09-02,GOOGL,0.0158994142206656,-0.0695788115262985,0.0006966501,1,0
2026-09-02,JPM,0.0163943526974286,-0.0795950293540954,0.0006966501,1,0
2026-09-02,META,0.0300750912104224,-0.1046774983406066,0.0006966501,1,0
2026-09-02,MSFT,0.0267702338812803,-0.0710458904504776,0.0006966501,1,0
2026-09-02,NVDA,0.0180027277499683,-0.0598473101854324,0.0006966501,1,0
2026-09-02,TSLA,0.0542281303660707,-0.1129640117287635,0.0006966501,1,0
2026-09-02,XOM,-0.0118183810828562,-0.1164600700139999,0.0006966501,1,0
