fold,scheme,train_start,train_end,validation_start,validation_end,test_start,test_end,validation_sharpe,validation_cagr,validation_max_dd,test_sharpe,test_cagr,test_max_dd,test_total_return,test_hit_rate,test_turnover,test_cost
1,equal_weight,2015-10-16,2018-10-16,2018-10-16,2019-04-16,2019-04-16,2019-07-16,-1.9495096564435217,-0.6507703211751368,-0.6545337305444482,1.9115875988384994,1.1765880954111183,-0.3975556747583996,0.2108871778120942,0.5645161290322581,1.0,0.062000000000000006
1,ic_weighted,2015-10-16,2018-10-16,2018-10-16,2019-04-16,2019-04-16,2019-07-16,-2.5135058742447924,-0.7209906373398058,-0.6554787602586285,-0.06565576773357894,-0.2139652779034119,-0.6312766152110296,-0.057513047922125415,0.5806451612903226,1.0,0.062000000000000006
1,icir_weighted,2015-10-16,2018-10-16,2018-10-16,2019-04-16,2019-04-16,2019-07-16,-2.5504175451626994,-0.7303309781097632,-0.6649345015577383,-0.8875885222783496,-0.5182644330855174,-0.6312766152110296,-0.16447225953140654,0.5483870967741935,1.0,0.062000000000000006
2,equal_weight,2016-01-16,2019-01-16,2019-01-16,2019-07-16,2019-07-16,2019-10-16,-0.45537905694215247,-0.26466229537814134,-0.5749052142596076,10.675496968056892,1508.4681642221553,-0.22648397591676928,5.605941920298005,0.7538461538461538,1.0,0.065
2,ic_weighted,2016-01-16,2019-01-16,2019-01-16,2019-07-16,2019-07-16,2019-10-16,-0.09891982248839083,-0.2045827142004525,-0.7635313579421726,11.810782820533468,2328.838038750402,-0.1501454080567426,6.388499364411538,0.7692307692307693,1.0,0.065
2,icir_weighted,2016-01-16,2019-01-16,2019-01-16,2019-07-16,2019-07-16,2019-10-16,-0.42259265022608544,-0.3359028894195262,-0.763714209808888,11.807798057468942,2325.5838753062853,-0.1501454080567426,6.385836139303846,0.7692307692307693,1.0,0.065
3,equal_weight,2016-04-16,2019-04-16,2019-04-16,2019-10-16,2019-10-16,2020-01-16,6.789548645489483,60.923541350828614,-0.3975556747583996,23.07885846717668,378952405.8639296,-0.0071232049215096405,138.5231161777883,0.9682539682539683,1.0,0.063
3,ic_weighted,2016-04-16,2019-04-16,2019-04-16,2019-10-16,2019-10-16,2020-01-16,4.703499741072335,6.892774274038054,-0.4082516960009206,22.161506332841554,91645471.70332803,0.0,96.84254797858877,1.0,1.0,0.063
3,icir_weighted,2016-04-16,2019-04-16,2019-04-16,2019-10-16,2019-10-16,2020-01-16,4.533417626279954,6.438298005287202,-0.4006966114049286,23.190098293351852,187112462.3511803,0.0,115.95685435440491,1.0,1.0,0.063
4,equal_weight,2016-07-16,2019-07-16,2019-07-16,2020-01-16,2020-01-16,2020-04-16,15.514529326251195,686306.402579962,-0.22648397591676928,14.999796723184488,16160463.51465606,-0.17146533056482005,58.36199451066316,0.8064516129032258,1.0,0.062000000000000006
4,ic_weighted,2016-07-16,2019-07-16,2019-07-16,2020-01-16,2020-01-16,2020-04-16,13.911884943846466,74532.86494094702,-0.21282557680653624,9.341023221480174,107934.4934818558,-0.5673580498947153,16.310842149235143,0.6935483870967742,1.0,0.062000000000000006
4,icir_weighted,2016-07-16,2019-07-16,2019-07-16,2020-01-16,2020-01-16,2020-04-16,14.082444555156831,86682.76972778769,-0.2147026900733363,9.719273330271287,143571.6012854565,-0.5230781239065541,17.569633080899738,0.6935483870967742,1.0,0.062000000000000006
5,equal_weight,2016-10-16,2019-10-16,2019-10-16,2020-04-16,2020-04-16,2020-07-16,18.360880690044784,79250091.5687312,-0.17146533056482027,14.995493478539101,13388.891599148643,-0.10557994256532854,9.757076700898896,0.8095238095238095,1.0,0.063
5,ic_weighted,2016-10-16,2019-10-16,2019-10-16,2020-04-16,2020-04-16,2020-07-16,14.283251818961656,10977491.813731033,-0.5346300264834984,12.147312868658771,3275.606960053331,-0.2575362970261327,6.565821440175377,0.7936507936507936,1.0,0.063
5,icir_weighted,2016-10-16,2019-10-16,2019-10-16,2020-04-16,2020-04-16,2020-07-16,13.80065453084219,7027136.257344467,-0.5404275131047843,13.28935957032131,5156.777245418336,-0.2575362970261328,7.4745304687920555,0.8095238095238095,1.0,0.063
6,equal_weight,2017-01-16,2020-01-16,2020-01-16,2020-07-16,2020-07-16,2020-10-16,14.006423973398972,452155.46351278335,-0.17146533056482005,6.666336904426962,348.42388763560473,-0.4033104200788491,3.5292207243820677,0.6461538461538462,1.0,0.065
6,ic_weighted,2017-01-16,2020-01-16,2020-01-16,2020-07-16,2020-07-16,2020-10-16,12.497870250980737,262258.9601470851,-0.3461152709877935,6.1831398171786685,214.14293198227705,-0.38205930657173326,2.9966441143026232,0.6153846153846154,1.0,0.065
6,icir_weighted,2017-01-16,2020-01-16,2020-01-16,2020-07-16,2020-07-16,2020-10-16,12.479330312748994,258488.68027142645,-0.33967421996212954,6.318108369883213,263.3532581667625,-0.38205930657173315,3.214730933710344,0.6153846153846154,1.0,0.065
7,equal_weight,2017-04-16,2020-04-16,2020-04-16,2020-10-16,2020-10-16,2021-01-16,9.793295766512825,2101.2982196856897,-0.4033104200788493,10.548236487558652,5298.546865918212,-0.21124818416535707,7.532173620398954,0.7142857142857143,1.0,0.063
7,ic_weighted,2017-04-16,2020-04-16,2020-04-16,2020-10-16,2020-10-16,2021-01-16,10.3367048308028,4824.791873905499,-0.38205930657173304,8.982416874917623,1585.667106664188,-0.30480049317443236,5.311338224164651,0.6507936507936508,1.0,0.063
7,icir_weighted,2017-04-16,2020-04-16,2020-04-16,2020-10-16,2020-10-16,2021-01-16,10.490696004274948,5182.987077675575,-0.38205930657173315,9.679433828440258,2653.3269338940027,-0.2616283919853548,6.177754555616815,0.6825396825396826,1.0,0.063
8,equal_weight,2017-07-16,2020-07-16,2020-07-16,2021-01-16,2021-01-16,2021-04-16,8.461226295711663,1331.2017235821124,-0.5534417286521004,-12.145870997619546,-0.9970157140362694,-0.7793511136316645,-0.7552340183850295,0.18032786885245902,1.0,0.061000000000000006
8,ic_weighted,2017-07-16,2020-07-16,2020-07-16,2021-01-16,2021-01-16,2021-04-16,9.767943680949205,5940.7474254237295,-0.6423648611983236,-10.160637059683026,-0.9960454834360932,-0.7978947189059605,-0.7379742112011889,0.2786885245901639,1.0,0.061000000000000006
8,icir_weighted,2017-07-16,2020-07-16,2020-07-16,2021-01-16,2021-01-16,2021-04-16,9.750243548781466,5435.040900537767,-0.6423648611983237,-10.29075622699085,-0.9968241248903814,-0.8083424378806169,-0.7515194871616366,0.2786885245901639,1.0,0.061000000000000006
9,equal_weight,2017-10-16,2020-10-16,2020-10-16,2021-04-16,2021-04-16,2021-07-16,2.204848935893102,3.4661978699476954,-0.8069403875466433,-0.31374813359791937,-0.28553700795733494,-0.415739577047491,-0.08062024866910023,0.47619047619047616,1.0,0.063
9,ic_weighted,2017-10-16,2020-10-16,2020-10-16,2021-04-16,2021-04-16,2021-07-16,1.4871138715782244,1.5686501009528775,-0.8430534045796348,-3.160054843910715,-0.7295070789310566,-0.3853767160512518,-0.27882780176499355,0.4444444444444444,1.0,0.063
9,icir_weighted,2017-10-16,2020-10-16,2020-10-16,2021-04-16,2021-04-16,2021-07-16,1.451981206858232,1.50060038953373,-0.8554642311316846,-3.003191251911511,-0.7368506598118278,-0.3741974414208493,-0.2837731937213219,0.4603174603174603,1.0,0.063
10,equal_weight,2018-01-16,2021-01-16,2021-01-16,2021-07-16,2021-07-16,2021-10-16,-5.273978083626147,-0.951738958009218,-0.8817084099403762,17.142751056474843,863.6366457507559,-0.06734629026817718,4.721588409806485,0.8923076923076924,1.0,0.065
10,ic_weighted,2018-01-16,2021-01-16,2021-01-16,2021-07-16,2021-07-16,2021-10-16,-8.404161877575854,-0.9866927939140686,-0.8944076632720138,6.195727086794858,445.78457046573226,-0.5769331369677536,3.8256638563168046,0.6615384615384615,1.0,0.065
10,icir_weighted,2018-01-16,2021-01-16,2021-01-16,2021-07-16,2021-07-16,2021-10-16,-8.792018140659085,-0.988183027160447,-0.9013137152166051,5.96584930660088,285.21791641863194,-0.568282894697008,3.302013785718641,0.6615384615384615,1.0,0.065
11,equal_weight,2018-04-16,2021-04-16,2021-04-16,2021-10-16,2021-10-16,2022-01-16,6.399368768459985,25.27190011120898,-0.415739577047491,-4.785132153502474,-0.992753120995094,-0.8897565795218995,-0.7082319367329738,0.2698412698412698,1.0,0.063
11,ic_weighted,2018-04-16,2021-04-16,2021-04-16,2021-10-16,2021-10-16,2022-01-16,3.1375502722138666,8.6266138338568,-0.5674386661156265,-3.4443771705741772,-0.9693017805832445,-0.8468241693138622,-0.5814201707642821,0.2857142857142857,1.0,0.063
11,icir_weighted,2018-04-16,2021-04-16,2021-04-16,2021-10-16,2021-10-16,2022-01-16,3.7703261970288056,14.46913812191657,-0.5171431165104272,-3.2595701659701146,-0.9624140354270546,-0.8378054799305426,-0.5596921533466788,0.30158730158730157,1.0,0.063
12,equal_weight,2018-07-16,2021-07-16,2021-07-16,2022-01-16,2022-01-16,2022-04-16,1.664884371574031,1.7425459159359638,-0.8897565795218993,0.45334844853584444,0.005346147420853153,-0.6673562181846326,0.0013126793233209089,0.41935483870967744,1.0,0.062000000000000006
12,ic_weighted,2018-07-16,2021-07-16,2021-07-16,2022-01-16,2022-01-16,2022-04-16,1.7666808655398882,2.685350922633991,-0.8422206099553771,0.6710134448949332,0.2570730672253516,-0.45246715977780494,0.057902985249137284,0.532258064516129,1.0,0.062000000000000006
12,icir_weighted,2018-07-16,2021-07-16,2021-07-16,2022-01-16,2022-01-16,2022-04-16,1.8596402038320492,2.9742973640228514,-0.8536471188583021,0.5333284290965807,0.14183366825908128,-0.5074821410724615,0.033170811875942174,0.5,1.0,0.062000000000000006
13,equal_weight,2018-10-16,2021-10-16,2021-10-16,2022-04-16,2022-04-16,2022-07-16,-2.1747942894316092,-0.9163117173782256,-0.9200846224114461,-6.0762986195737065,-0.9931659434156803,-0.858791353282967,-0.7067336810863634,0.3548387096774194,1.0,0.062000000000000006
13,ic_weighted,2018-10-16,2021-10-16,2021-10-16,2022-04-16,2022-04-16,2022-07-16,-2.9636716572502473,-0.9409664235195117,-0.9042335757672505,-4.584119606325038,-0.9609479326654146,-0.7536176183090271,-0.5497023074389686,0.3548387096774194,1.0,0.062000000000000006
13,icir_weighted,2018-10-16,2021-10-16,2021-10-16,2022-04-16,2022-04-16,2022-07-16,-3.133038024406628,-0.9487805364976112,-0.9097284102833616,-4.55850289086176,-0.9711424819491437,-0.7715496233383775,-0.5820013997804014,0.3548387096774194,1.0,0.062000000000000006
14,equal_weight,2019-01-16,2022-01-16,2022-01-16,2022-07-16,2022-07-16,2022-10-16,-2.45740378189916,-0.9171109629788001,-0.9566346330689373,-3.9858196540789255,-0.9766242728540353,-0.8030071729759733,-0.614771749756035,0.328125,1.0,0.064
14,ic_weighted,2019-01-16,2022-01-16,2022-01-16,2022-07-16,2022-07-16,2022-10-16,-3.444985587649005,-0.9125309770938078,-0.891126344794526,-1.4576645238734005,-0.7675870956809345,-0.6753882551827404,-0.30968037647834645,0.46875,1.0,0.064
14,icir_weighted,2019-01-16,2022-01-16,2022-01-16,2022-07-16,2022-07-16,2022-10-16,-3.083191346058591,-0.8902174575902558,-0.9001093880672325,-2.4897584379993503,-0.8891000667985691,-0.6980732206840474,-0.4279383084924636,0.453125,1.0,0.064
15,equal_weight,2019-04-16,2022-04-16,2022-04-16,2022-10-16,2022-10-16,2023-01-16,-4.967868960477615,-0.9872367689269915,-0.9337346638159674,15.945867252563142,848356.8254611718,-0.18799036519422585,27.74872973666677,0.7741935483870968,1.0,0.062000000000000006
15,ic_weighted,2019-04-16,2022-04-16,2022-04-16,2022-10-16,2022-10-16,2023-01-16,-3.0846073346771163,-0.9184356754096045,-0.8800620793673821,3.4103449252576636,19.633578145985222,-0.6707567106356821,1.1058482448356166,0.6612903225806451,1.0,0.062000000000000006
15,icir_weighted,2019-04-16,2022-04-16,2022-04-16,2022-10-16,2022-10-16,2023-01-16,-2.8477600032937262,-0.9020647885862555,-0.8781110162093265,4.010865008246715,34.005443502694035,-0.6707567106356822,1.398315829538355,0.6612903225806451,1.0,0.062000000000000006
16,equal_weight,2019-07-16,2022-07-16,2022-07-16,2023-01-16,2023-01-16,2023-04-16,5.177831472533346,121.65170122960126,-0.8030071729759733,12.422989129418651,79158.34328319432,-0.3629493744073391,15.039360361076518,0.7096774193548387,1.0,0.062000000000000006
16,ic_weighted,2019-07-16,2022-07-16,2022-07-16,2023-01-16,2023-01-16,2023-04-16,1.5286207192430306,1.675419308755672,-0.7089057515672702,5.2871858875004,27.87845996883525,-0.31177585561979526,1.2874287676516603,0.7419354838709677,1.0,0.062000000000000006
16,icir_weighted,2019-07-16,2022-07-16,2022-07-16,2023-01-16,2023-01-16,2023-04-16,2.464147768500912,5.260970024459198,-0.6707567106356822,5.729017834467574,33.25084837847927,-0.282636083258451,1.3854914686177526,0.7419354838709677,1.0,0.062000000000000006
17,equal_weight,2019-10-16,2022-10-16,2022-10-16,2023-04-16,2023-04-16,2023-07-16,14.129657308425852,259142.68279521156,-0.3629493744073392,11.46737954453189,7731.7546886386,-0.31048714031291036,8.05010588655344,0.7580645161290323,1.0,0.062000000000000006
17,ic_weighted,2019-10-16,2022-10-16,2022-10-16,2023-04-16,2023-04-16,2023-07-16,0.5091857459056146,-0.20259881334361207,-0.9663722572833079,8.94607039220153,56.598719301868876,-0.1609720077836243,1.7109246189259295,0.7903225806451613,1.0,0.062000000000000006
17,icir_weighted,2019-10-16,2022-10-16,2022-10-16,2023-04-16,2023-04-16,2023-07-16,0.5091857459056146,-0.20259881334361207,-0.9663722572833079,8.94607039220153,56.598719301868876,-0.1609720077836243,1.7109246189259295,0.7903225806451613,1.0,0.062000000000000006
18,equal_weight,2020-01-16,2023-01-16,2023-01-16,2023-07-16,2023-07-16,2023-10-16,11.946440506176442,24740.054604092238,-0.3766303057342516,-7.89329494490514,-0.9774732435833856,-0.5982171119346731,-0.6183741754220455,0.28125,1.0,0.064
18,ic_weighted,2020-01-16,2023-01-16,2023-01-16,2023-07-16,2023-07-16,2023-10-16,0.4054467810538931,0.01737377860305922,-0.573513433698815,-8.345590069611475,-0.9663926954459614,-0.6412259122986494,-0.5775639870278173,0.28125,1.0,0.064
18,icir_weighted,2020-01-16,2023-01-16,2023-01-16,2023-07-16,2023-07-16,2023-10-16,-0.03728387148969087,-0.26894111359397244,-0.6058609371789794,-8.25582633744047,-0.9725975508637438,-0.6617507031097358,-0.5989042164287589,0.3125,1.0,0.064
19,equal_weight,2020-04-16,2023-04-16,2023-04-16,2023-10-16,2023-10-16,2024-01-16,3.5659588152277513,10.928417531596974,-0.7414521948808184,4.081715896076077,8.26617959629903,-0.35805293301054786,0.7293713933723547,0.532258064516129,1.0,0.062000000000000006
19,ic_weighted,2020-04-16,2023-04-16,2023-04-16,2023-10-16,2023-10-16,2024-01-16,0.23056060949585902,-0.011581139662273254,-0.6638626930097572,8.516517470637243,255.07312674442062,-0.2486160860376917,2.913217626593257,0.6129032258064516,1.0,0.062000000000000006
19,icir_weighted,2020-04-16,2023-04-16,2023-04-16,2023-10-16,2023-10-16,2024-01-16,0.33542899716005925,0.04200013936532043,-0.6560585287485761,8.844097532608748,302.7019917646875,-0.21641011821433842,3.08094674432649,0.6290322580645161,1.0,0.062000000000000006
20,equal_weight,2020-07-16,2023-07-16,2023-07-16,2024-01-16,2024-01-16,2024-04-16,-1.2070908541887533,-0.564435924382918,-0.5982171119346731,4.617711249856951,18.95009113363953,-0.5626191197350863,1.113421985459767,0.5238095238095238,1.0,0.063
20,ic_weighted,2020-07-16,2023-07-16,2023-07-16,2024-01-16,2024-01-16,2024-04-16,0.24683938761567661,-0.036256748439581044,-0.7194053379581263,9.063834110086066,988.7387396771255,-0.4732873781667045,4.608931580265132,0.7142857142857143,1.0,0.063
20,icir_weighted,2020-07-16,2023-07-16,2023-07-16,2024-01-16,2024-01-16,2024-04-16,-0.6163296431664205,-0.40164837918013474,-0.7236042243434555,9.219337972663249,1629.6079394605235,-0.4732873781667044,5.354587851409948,0.7142857142857143,1.0,0.063
21,equal_weight,2020-10-16,2023-10-16,2023-10-16,2024-04-16,2024-04-16,2024-07-16,4.372248434376827,12.638134694094623,-0.5626191197350865,2.441871656442837,9.068978002240259,-0.8069499835902485,0.7650875320304438,0.5806451612903226,1.0,0.062000000000000006
21,ic_weighted,2020-10-16,2023-10-16,2023-10-16,2024-04-16,2024-04-16,2024-07-16,-2.5601942030832747,-0.7975310263086832,-0.7884019671713451,7.690582570807072,12539.370820297841,-0.657412169394018,9.193291834918023,0.6774193548387096,1.0,0.062000000000000006
21,icir_weighted,2020-10-16,2023-10-16,2023-10-16,2024-04-16,2024-04-16,2024-07-16,-2.4850744790296684,-0.806431572543971,-0.8112471111031836,8.45471689970361,25067.455747723256,-0.6093243078865556,11.087181400967575,0.6935483870967742,1.0,0.062000000000000006
22,equal_weight,2021-01-16,2024-01-16,2024-01-16,2024-07-16,2024-07-16,2024-10-16,3.111797426069913,13.211927258432247,-0.8069499835902484,0.7404068351230503,0.2536645478742221,-0.2020347437021761,0.060045613374494655,0.5230769230769231,1.0,0.065
22,ic_weighted,2021-01-16,2024-01-16,2024-01-16,2024-07-16,2024-07-16,2024-10-16,0.870925204516893,0.4723252477732891,-0.7910928579338801,13.460574917112794,371.1639267815275,-0.05725671051276693,3.603479588183184,0.8,1.0,0.065
22,icir_weighted,2021-01-16,2024-01-16,2024-01-16,2024-07-16,2024-07-16,2024-10-16,0.8818281622064921,0.48955672126894245,-0.7858689050904519,13.859661925351544,457.3778813339455,-0.05725671051276682,3.857655768849357,0.8153846153846154,1.0,0.065
23,equal_weight,2021-04-16,2024-04-16,2024-04-16,2024-10-16,2024-10-16,2025-01-16,1.785206832395624,2.4665439157187965,-0.8367011400017008,7.818245332177024,352.474209883248,-0.3916976269591217,3.2362043555137534,0.6129032258064516,1.0,0.062000000000000006
23,ic_weighted,2021-04-16,2024-04-16,2024-04-16,2024-10-16,2024-10-16,2025-01-16,2.513853617429171,6.535072348106202,-0.8381420657099639,7.252878671749579,233.31558589329182,-0.4084703042405309,2.8286557720245824,0.5806451612903226,1.0,0.062000000000000006
23,icir_weighted,2021-04-16,2024-04-16,2024-04-16,2024-10-16,2024-10-16,2025-01-16,2.1645518235977304,4.278225483854586,-0.8422660792295689,7.149492541248791,237.52950207412246,-0.4201742655777798,2.8454824575797306,0.5806451612903226,1.0,0.062000000000000006
24,equal_weight,2021-07-16,2024-07-16,2024-07-16,2025-01-16,2025-01-16,2025-04-16,4.86065274599028,18.693841910121094,-0.3916976269591216,-12.089145402426787,-0.9999957979251417,-0.970188205557355,-0.9524444282570992,0.16129032258064516,1.0,0.062000000000000006
24,ic_weighted,2021-07-16,2024-07-16,2024-07-16,2025-01-16,2025-01-16,2025-04-16,8.086026246869936,149.79355454285303,-0.3315057603060887,-11.223054507589966,-0.9999938256394534,-0.9695422185613681,-0.9477218451809211,0.22580645161290322,1.0,0.062000000000000006
24,icir_weighted,2021-07-16,2024-07-16,2024-07-16,2025-01-16,2025-01-16,2025-04-16,7.736137717868553,126.48132268375919,-0.3582058953830094,-10.716705468775025,-0.9999913193554096,-0.9690018686244941,-0.9431509639504618,0.22580645161290322,1.0,0.062000000000000006
25,equal_weight,2021-10-16,2024-10-16,2024-10-16,2025-04-16,2025-04-16,2025-07-16,-2.5704782318302413,-0.9614600844523669,-0.9826908942835346,8.567404930437998,826.2401962026217,-0.2720200760490432,4.08454506219854,0.6065573770491803,1.0,0.061000000000000006
25,ic_weighted,2021-10-16,2024-10-16,2024-10-16,2025-04-16,2025-04-16,2025-07-16,1.4457373787082233,1.6888070231444532,-0.9621771348519785,8.549252158673138,820.1120686998139,-0.36774574429957685,4.075401816745914,0.639344262295082,1.0,0.061000000000000006
25,icir_weighted,2021-10-16,2024-10-16,2024-10-16,2025-04-16,2025-04-16,2025-07-16,1.736348856161221,2.7047116346605145,-0.9599398503880735,8.414379136418528,715.9720685218653,-0.36774574429957685,3.911485238052941,0.639344262295082,1.0,0.061000000000000006
26,equal_weight,2022-01-16,2025-01-16,2025-01-16,2025-07-16,2025-07-16,2025-10-16,-2.1598569655492263,-0.9454453746681803,-0.970188205557355,4.4961695365662875,8.86750412852844,-0.2619370371528803,0.8048551933954564,0.6,1.0,0.065
26,ic_weighted,2022-01-16,2025-01-16,2025-01-16,2025-07-16,2025-07-16,2025-10-16,-0.05514529673909089,-0.428697825574862,-0.93200703425362,9.808256178812515,219.44851994449212,-0.13876904848677563,3.0218370715850185,0.7230769230769231,1.0,0.065
26,icir_weighted,2022-01-16,2025-01-16,2025-01-16,2025-07-16,2025-07-16,2025-10-16,0.39168022067001734,-0.08058954889754755,-0.9141835412035036,9.145799318372688,170.2382422380933,-0.1813682532409131,2.7681413051756047,0.7230769230769231,1.0,0.065
27,equal_weight,2022-04-16,2025-04-16,2025-04-16,2025-10-16,2025-10-16,2026-01-16,6.627329432467602,83.21489824245371,-0.2720200760490432,-3.3806714139154583,-0.8524933101249826,-0.564451029031108,-0.38026941597972674,0.4126984126984127,1.0,0.063
27,ic_weighted,2022-04-16,2025-04-16,2025-04-16,2025-10-16,2025-10-16,2026-01-16,6.340899972733121,79.95871961378913,-0.5653951349206452,-8.33566823586887,-0.9866185615680918,-0.712996445734166,-0.6598850672469221,0.2857142857142857,1.0,0.063
27,icir_weighted,2022-04-16,2025-04-16,2025-04-16,2025-10-16,2025-10-16,2026-01-16,6.35370641216064,79.98026892956962,-0.5746445236668736,-8.33566823586887,-0.9866185615680918,-0.712996445734166,-0.6598850672469221,0.2857142857142857,1.0,0.063
28,equal_weight,2022-07-16,2025-07-16,2025-07-16,2026-01-16,2026-01-16,2026-04-16,0.6702076222773591,0.24672428778797273,-0.5644510290311081,3.685736412612314,3.646358120950726,-0.19251437691149342,0.45038608666703106,0.5245901639344263,1.0,0.061000000000000006
28,ic_weighted,2022-07-16,2025-07-16,2025-07-16,2026-01-16,2026-01-16,2026-04-16,2.7964503332389117,3.1325236315189864,-0.6445183275550121,3.023743575148223,10.836454698149433,-0.623650598335399,0.8188118622417035,0.47540983606557374,1.0,0.061000000000000006
28,icir_weighted,2022-07-16,2025-07-16,2025-07-16,2026-01-16,2026-01-16,2026-04-16,2.7555663296214212,3.064205525370821,-0.6445183275550121,3.074666737055904,11.492316214143054,-0.6246833128848155,0.8427109924987042,0.47540983606557374,1.0,0.061000000000000006
29,equal_weight,2022-10-16,2025-10-16,2025-10-16,2026-04-16,2026-04-16,2026-07-16,-0.1911239630403056,-0.19484568172515038,-0.6369313668032492,-15.235970592093725,-0.9999964918611577,-0.9534932801667859,-0.9545100233361716,0.11290322580645161,1.0,0.062000000000000006
29,ic_weighted,2022-10-16,2025-10-16,2025-10-16,2026-04-16,2026-04-16,2026-07-16,-0.3059222269727407,-0.4116047634207801,-0.8625403296787504,-13.268676669154962,-0.9999580262062997,-0.9322251498854894,-0.9162251440110862,0.1935483870967742,1.0,0.062000000000000006
29,icir_weighted,2022-10-16,2025-10-16,2025-10-16,2026-04-16,2026-04-16,2026-07-16,-0.2606114388759987,-0.39002325565368,-0.8627009848430203,-13.587596821198764,-0.9999602753678569,-0.935271227363457,-0.9173526335948486,0.1774193548387097,1.0,0.062000000000000006
