factor,mean_ic,ic_std,icir,fold
volatility_10,0.025454545454545455,0.3350117261517706,0.07598105817649428,1
volatility_20,0.011936584386915517,0.35538054035595984,0.033588176704778136,1
volatility_60,0.06639373871161951,0.3847516356781776,0.17256258987591158,1
beta_60,0.06835239815372264,0.3744491058536976,0.18254122412146673,1
price_ma200_ratio,0.06457957053983543,0.3520263297686033,0.18345096681343517,1
return_60d,0.02744531406783062,0.335010805527757,0.08192366817719456,1
momentum_20,0.0009713024282560766,0.3518359411961195,0.0027606685802308516,1
volatility_10,0.03084961015995498,0.323092186666067,0.09548237757863114,2
volatility_20,0.010176030865686046,0.3324567351080299,0.03060858689591415,2
volatility_60,0.06113656458484043,0.35151905249081716,0.17392105535001554,2
beta_60,0.04787396511534442,0.365178049699926,0.13109759788323366,2
price_ma200_ratio,0.0456233421750663,0.3538706319173928,0.12892661345719292,2
return_60d,0.02265091230608472,0.3383971787800097,0.06693587809374132,2
momentum_20,0.012603488465557427,0.34939678627151116,0.036072136209528385,2
volatility_10,0.007619966240655897,0.3151547721052986,0.024178489158685295,3
volatility_20,-0.011381721726549308,0.3195230732661178,-0.035620969747840195,3
volatility_60,0.03626718109476729,0.34760718339627233,0.10433380789321228,3
beta_60,0.059094928060445306,0.36792798818164346,0.1606154735672638,3
price_ma200_ratio,0.053757736516357194,0.35347654289242925,0.15208289658054303,3
return_60d,0.05009243629933285,0.328441040731729,0.15251576413146373,3
momentum_20,0.022168635961739395,0.3268913673659885,0.06781652308645804,3
volatility_10,0.022045152722443555,0.33161314126235336,0.06647852566555162,4
volatility_20,0.0025031188377801898,0.34067070628423285,0.007347619832307375,4
volatility_60,0.02614994567185803,0.38151759211514313,0.06854191317071927,4
beta_60,0.08237756046520987,0.36219059216592353,0.22744257373607263,4
price_ma200_ratio,0.038287255020322736,0.35782244753129216,0.10700070743039242,4
return_60d,0.032492253209384675,0.3356252712602474,0.09681110450169242,4
momentum_20,0.02985230793995734,0.34292368671626094,0.08705233582962581,4
volatility_10,0.0484205449722691,0.3504231398041569,0.13817736180130738,5
volatility_20,0.04221525600835945,0.3592797838775789,0.11749966990278497,5
volatility_60,0.060975805803392,0.3947606229501276,0.1544627357908882,5
beta_60,0.09947753396029257,0.3746377272125633,0.26552994195336516,5
price_ma200_ratio,0.0234868579696166,0.3611633536636104,0.06503112160015102,5
return_60d,0.040350454143557576,0.3450353903961316,0.11694584169244676,5
momentum_20,0.03289124668435013,0.3530641833433922,0.09315939774145802,5
volatility_10,0.052201485049167155,0.35463328168493446,0.14719849417727332,6
volatility_20,0.04088300220750552,0.3545222793455015,0.11531856977502614,6
volatility_60,0.05849488260084286,0.3906330170422428,0.14974382617155288,6
beta_60,0.09696166967690144,0.37726742501544697,0.2570104473582139,6
price_ma200_ratio,0.0665542845675296,0.3822824248704769,0.1740971602083962,6
return_60d,0.07655629139072846,0.3543121495675801,0.2160701841135324,6
momentum_20,0.042472406181015436,0.3505801178278642,0.12114893007671788,6
volatility_10,0.061079670880995376,0.35353369622047154,0.17276902183294213,7
volatility_20,0.055508729680915116,0.3540711343076432,0.15677281851698485,7
volatility_60,0.06759783263094521,0.38488960129797967,0.17562914769061608,7
beta_60,0.09965884005619102,0.3672079218137296,0.2713962148854297,7
price_ma200_ratio,0.09920931165964277,0.38242920778350475,0.25941876206224734,7
return_60d,0.09121412803532009,0.3599552504866884,0.25340407706788903,7
momentum_20,0.06098334336744933,0.3555442951650287,0.17152108526771165,7
volatility_10,0.028665462572747342,0.349710079474056,0.08196922037780141,8
volatility_20,0.02858518964479229,0.35327185657396026,0.08091555869185904,8
volatility_60,0.0560064218342364,0.3849590777814782,0.14548668953853952,8
beta_60,0.06918723660445515,0.3689149741708416,0.1875425001654042,8
price_ma200_ratio,0.11659642785470599,0.3980136604365785,0.2929457941891044,8
return_60d,0.109805338149709,0.3684450498520706,0.29802364882849003,8
momentum_20,0.07032711218141681,0.3572766339406085,0.19684218194103217,8
volatility_10,0.03735770402437069,0.3634848611666098,0.10277650602688271,9
volatility_20,0.03588263588263587,0.3629865917288392,0.09885388799551353,9
volatility_60,0.05432098765432098,0.38306000813052254,0.14180803660352828,9
beta_60,0.054176687510020825,0.37220130653971356,0.14555748880543012,9
price_ma200_ratio,0.1431617764951098,0.4179903294696548,0.34250021209044035,9
return_60d,0.13742183742183742,0.39009725501588904,0.35227583802464874,9
momentum_20,0.0834054834054834,0.3657526978549312,0.22803791713537705,9
volatility_10,0.04735599055282014,0.3707016798661371,0.12774690033754557,10
volatility_20,0.04452183659581282,0.374672031822406,0.11882882311566854,10
volatility_60,0.04631519955165926,0.3830616672489568,0.12090794645228338,10
beta_60,0.0268764260838237,0.3682417742796619,0.07298581519274439,10
price_ma200_ratio,0.13739241823786078,0.40718076355860716,0.3374236470237508,10
return_60d,0.15161122453064327,0.3935462456365264,0.385243732373626,10
momentum_20,0.10221368239862295,0.374084199815943,0.2732371012967513,10
volatility_10,0.038031104697771365,0.37395401857989724,0.10169994921353097,11
volatility_20,0.04067660734327402,0.37534673814577846,0.10837074952140892,11
volatility_60,0.042247875581208905,0.3746533242548561,0.11276524948827091,11
beta_60,0.032595799262465926,0.3820691627375617,0.0853138709989415,11
price_ma200_ratio,0.09836459836459836,0.4210178738244379,0.23363520762450066,11
return_60d,0.1367003367003367,0.40874457309743606,0.33443951479143,11
momentum_20,0.0916466249799583,0.3787340634768827,0.24198146884021238,11
volatility_10,0.04024370691037357,0.380538496092695,0.10575462751755514,12
volatility_20,0.04798781465448133,0.37855791793609644,0.12676478916650755,12
volatility_60,0.038351771685105014,0.37056077931406844,0.10349657553100083,12
beta_60,0.04482924482924482,0.4012253837528232,0.11173082921608493,12
price_ma200_ratio,0.0883918550585217,0.42723121288041127,0.20689465655512387,12
return_60d,0.15377585377585376,0.4065936404286123,0.3782052606965282,12
momentum_20,0.09611992945326277,0.3774076487133783,0.25468463551532555,12
volatility_10,0.06100689434022767,0.37894492064663865,0.1609914555290103,13
volatility_20,0.08279621612954946,0.371265040213101,0.22301107608199677,13
volatility_60,0.07453904120570787,0.35601570174041136,0.20937009474952306,13
beta_60,0.06277056277056275,0.3859093319833095,0.16265624479191804,13
price_ma200_ratio,0.0905403238736572,0.44398725449323784,0.20392550226920123,13
return_60d,0.1746993746993747,0.4097164527784121,0.4263909186821398,13
momentum_20,0.0914542247875581,0.38514147276348915,0.2374561849477038,13
volatility_10,0.03747648212641607,0.3941627785684308,0.09507869378871288,14
volatility_20,0.06038989632120409,0.3909453219266781,0.15447146425384323,14
volatility_60,0.04719586886033386,0.38068288261166217,0.1239768610990549,14
beta_60,0.06389656138665384,0.40942906437372595,0.15606259288014102,14
price_ma200_ratio,0.08959609303070334,0.4432659870700243,0.20212715535187123,14
return_60d,0.156110644089508,0.4176296252765754,0.3738016525674482,14
momentum_20,0.07580961530763379,0.38174877364177295,0.19858509192952206,14
volatility_10,0.039333893759257034,0.4056298208423795,0.09696992612025308,15
volatility_20,0.05750770585645089,0.40427405188513416,0.14224931228777077,15
volatility_60,0.05257595772787318,0.3946191184538221,0.13323216050421938,15
beta_60,0.03770065249589687,0.42805407406784846,0.08807450922642347,15
price_ma200_ratio,0.1165125495376486,0.44021368541203876,0.2646727110007795,15
return_60d,0.16315599855890475,0.42513267208496897,0.3837766637853128,15
momentum_20,0.06958088146991713,0.3950963494634715,0.1761111727921703,15
volatility_10,0.0191905848444818,0.39222447285585504,0.048927555959860924,16
volatility_20,0.04112725671510348,0.4004031407459909,0.10271462066576027,16
volatility_60,0.05015812017133021,0.3706382758305951,0.13532903491666254,16
beta_60,0.02389816260357872,0.4402130637298866,0.054287717863462946,16
price_ma200_ratio,0.11627236699891917,0.4325968051630437,0.2687776830785809,16
return_60d,0.14259637324366517,0.43999459364537913,0.3240866485704892,16
momentum_20,0.06426484127937232,0.38549660231886884,0.16670663474801464,16
volatility_10,-0.02716049382716049,0.3790350381755189,-0.071656947489333,17
volatility_20,-0.020298220298220305,0.3892317744288544,-0.05214944316405111,17
volatility_60,-0.005755972422639085,0.3594397001680375,-0.016013735878224293,17
beta_60,-0.04550264550264549,0.4359913764543332,-0.10436593006194825,17
price_ma200_ratio,0.13350970017636682,0.4273820558182342,0.31238957826799485,17
return_60d,0.1190796857463524,0.4370524591720088,0.2724608528045983,17
momentum_20,0.06030142696809363,0.3821161641523009,0.15780914974342503,17
volatility_10,-0.037832630945213726,0.38664794989197987,-0.09784774742962753,18
volatility_20,-0.03401163957455347,0.400705334042692,-0.08487942806104448,18
volatility_60,-0.015163556090708411,0.36840143134673803,-0.041160415786866286,18
beta_60,-0.03601846277342966,0.444029718346696,-0.08111723446696566,18
price_ma200_ratio,0.07652418221954645,0.42298403687514335,0.18091505954900822,18
return_60d,0.07246237206502104,0.42687583687542313,0.16975046560475154,18
momentum_20,0.03470198675496689,0.3797390033769443,0.0913837831941648,18
volatility_10,-0.03306441902468392,0.38508630674089533,-0.08586235980323044,19
volatility_20,-0.028842063014248447,0.4004810205654665,-0.07201855152467493,19
volatility_60,-0.0033634356813164734,0.3788919055852537,-0.008877032292682942,19
beta_60,-0.008645394340758583,0.45706819003001037,-0.01891488957083393,19
price_ma200_ratio,0.05998795906080673,0.4168167019564572,0.1439192786163194,19
return_60d,0.045635159542444306,0.41967595761928944,0.1087390371402748,19
momentum_20,0.026144892634958863,0.3746633806391046,0.06978235393691436,19
volatility_10,-0.008632746563781045,0.38569449352503543,-0.02238234330203289,20
volatility_20,-0.011349569970259621,0.4006352005922502,-0.028328938529319943,20
volatility_60,0.016686761514347722,0.3890479805772359,0.042891268808513905,20
beta_60,0.035270476649787,0.4773500340522047,0.07388807821040123,20
price_ma200_ratio,0.03584920826300136,0.3907114017635313,0.09175367829346898,20
return_60d,0.04035045414355759,0.41152919716315184,0.09805003975832254,20
momentum_20,0.029483160517643273,0.3824210453887583,0.07709607217790938,20
volatility_10,-0.019807638134331368,0.36918754811899546,-0.053651966961645814,21
volatility_20,-0.014608233731739707,0.3908474978342222,-0.03737578931088817,21
volatility_60,0.023445611493420254,0.3849352862141829,0.06090793006795126,21
beta_60,0.04131353374381263,0.46978549472356135,0.08794127151184818,21
price_ma200_ratio,7.2437522636726e-05,0.36067031895210405,0.00020084137460267554,21
return_60d,-0.001440701839108215,0.3833567427906905,-0.00375812312213542,21
momentum_20,-0.004740633425892388,0.37332228834369935,-0.012698500930455891,21
volatility_10,-0.013974854932301745,0.3598773860045673,-0.038832267532710116,22
volatility_20,-0.010541586073500961,0.3782909003747721,-0.027866348524528163,22
volatility_60,0.035041908446163755,0.38005388942953044,0.09220247291446605,22
beta_60,0.07561250805931656,0.466652757110584,0.16203163253013514,22
price_ma200_ratio,0.026289490651192775,0.3722396315805858,0.07062517910724234,22
return_60d,-0.01002578981302386,0.37386298333767354,-0.026816749076140962,22
momentum_20,-0.013781431334622828,0.3554862512556447,-0.03876783219025828,22
volatility_10,-0.001736194839643115,0.35624205158073224,-0.00487363811189386,23
volatility_20,-0.0018326501085121692,0.37525777857963794,-0.004883709847265006,23
volatility_60,0.039562736114460255,0.37951102705506556,0.10424660495759418,23
beta_60,0.055992283578490475,0.4585127431138738,0.12211718086226565,23
price_ma200_ratio,0.06423920906679527,0.3751505210871102,0.17123582523794198,23
return_60d,0.014596897355518043,0.38248825962133115,0.038162994519019174,23
momentum_20,0.015416767140905063,0.3615875219659388,0.04263633616858412,23
volatility_10,0.011243913235945101,0.35673942602574327,0.03151856065141987,24
volatility_20,0.018600346090385925,0.37961176737446267,0.0489983390637042,24
volatility_60,0.05580103827115779,0.3929521727904822,0.1420046563806896,24
beta_60,0.05003823091472494,0.46649663291310073,0.10726386298279261,24
price_ma200_ratio,0.06478329107811179,0.3877888205414319,0.16705817095928957,24
return_60d,-0.01476920600426577,0.38469293104412716,-0.03839219494930524,24
momentum_20,0.016749164956336278,0.3745859734351799,0.04471380709409994,24
volatility_10,0.025828001126805902,0.3637538401487111,0.07100406449660246,25
volatility_20,0.026343112398889278,0.3840380531150262,0.06859505766476492,25
volatility_60,0.07289629361342509,0.4018809942575615,0.1813877606929244,25
beta_60,0.07832105919755322,0.4652888724867998,0.16832781488832013,25
price_ma200_ratio,0.06574912471326813,0.37514839173252945,0.17526164622383736,25
return_60d,-0.03299126725421545,0.3759488611759942,-0.08775466735293858,25
momentum_20,-0.013867761278119848,0.3826004431718601,-0.036246066949511074,25
volatility_10,0.06105738233397807,0.3520651423379899,0.17342637765417201,26
volatility_20,0.05801096067053514,0.36835511305290763,0.15748650857522617,26
volatility_60,0.11055770470664086,0.379376354540492,0.2914195979360667,26
beta_60,0.08834622823984527,0.44655443491344377,0.1978397734577858,26
price_ma200_ratio,0.06631205673758865,0.37360539300564716,0.17749223640512685,26
return_60d,-0.020954223081882654,0.3708580033471661,-0.05650201126242669,26
momentum_20,-0.02214700193423597,0.38728456040813414,-0.057185346895566085,26
volatility_10,0.05314514829142488,0.3459716886050981,0.15361126370107775,27
volatility_20,0.05375765635074145,0.362254278890918,0.14839757453059363,27
volatility_60,0.08247098646034817,0.39386283124690324,0.20939012244252383,27
beta_60,0.07670656028368793,0.4462927193560562,0.1718749980827959,27
price_ma200_ratio,0.008186250805931652,0.4012823008485621,0.020400228937635153,27
return_60d,-0.07144382656350741,0.3771143736887514,-0.1894486965974759,27
momentum_20,-0.015649177949709856,0.37552470822275247,-0.041672831659394116,27
volatility_10,0.069864423193318,0.3453412441652935,0.20230547139593386,28
volatility_20,0.07654642295121655,0.3559744810091896,0.21503345614608954,28
volatility_60,0.10103700117015696,0.3923056886079019,0.257546612512011,28
beta_60,0.0950227978856474,0.43453373686346064,0.2186776073396241,28
price_ma200_ratio,0.027605616753419687,0.40617129031332955,0.06796545549077115,28
return_60d,-0.03800790864705646,0.37487781723806224,-0.10138745719093838,28
momentum_20,0.003996691280313118,0.3760088581673579,0.010629247671963701,28
volatility_10,0.09382857833655707,0.3378528395853979,0.27772025966009484,29
volatility_20,0.11547590264345581,0.33916280391395687,0.34047336945814144,29
volatility_60,0.13888620245003222,0.37361984517063646,0.37173133131245023,29
beta_60,0.1428896679561573,0.40618346766018765,0.35178602610113746,29
price_ma200_ratio,-0.00395107994842038,0.4085109238278718,-0.009671907696855588,29
return_60d,-0.03211436170212764,0.3805558557196544,-0.08438803718155229,29
momentum_20,0.0014526918117343665,0.37456297630112195,0.0038783646640144854,29
