feature,horizon,split,days,mean_ic,median_ic,ic_std,icir,positive_ic_pct
return_1d,1,train,1917,-0.014196569656606364,-0.01818181818181818,0.3814070772432346,-0.03722156851209342,48.56546687532603
return_5d,1,train,1917,0.010259980416615938,0.01818181818181818,0.39201851512713115,0.026172183253356383,51.59102764736567
return_10d,1,train,1917,-0.0009611554192391295,-0.006060606060606061,0.38317052139892405,-0.00250842735952137,49.45226917057903
return_20d,1,train,1917,0.011337736200263437,0.01818181818181818,0.384135446406896,0.029514944029023358,51.43453312467396
return_60d,1,train,1917,0.01749534802652132,0.01818181818181818,0.3940654380380763,0.04439706286759115,52.0605112154408
price_ma20_ratio,1,train,1917,0.00688014816990985,0.006060606060606061,0.38378468960992085,0.017927104327436407,50.18257694314032
price_ma50_ratio,1,train,1917,0.014141250531922589,0.01818181818181818,0.39412869990267707,0.03587977870024313,51.43453312467396
price_ma200_ratio,1,train,1917,0.018889081127481864,0.0303030303030303,0.4094034420716936,0.046138061350676336,51.27803860198227
momentum_5,1,train,1917,0.010259980416615938,0.01818181818181818,0.39201851512713115,0.026172183253356383,51.59102764736567
momentum_10,1,train,1917,-0.0009611554192391295,-0.006060606060606061,0.38317052139892405,-0.00250842735952137,49.45226917057903
momentum_20,1,train,1917,0.011337736200263437,0.01818181818181818,0.384135446406896,0.029514944029023358,51.43453312467396
volatility_10,1,train,1917,0.0081580508334811,0.006060606060606061,0.3956629373381479,0.020618688443160737,51.382368283776735
volatility_20,1,train,1917,0.001079199396808261,0.006060606060606061,0.39845116931562646,0.0027084859574182632,50.23474178403756
volatility_60,1,train,1917,0.009479329158105338,0.01818181818181818,0.41136758040589866,0.023043452157197296,51.74752217005738
rsi_14,1,train,1917,0.0036644254870356187,-0.006060606060606061,0.36549544802723166,0.010025912789925078,49.76525821596244
macd,1,train,1917,0.007394020330615854,0.01818181818181818,0.3684259921090779,0.020069214683492653,51.382368283776735
macd_signal,1,train,1917,0.011096152905652834,0.01818181818181818,0.36818493071730435,0.030137444473990593,52.52999478351591
macd_hist,1,train,1917,-0.01066955176779069,-0.01818181818181818,0.36273760564041096,-0.029413966464694675,48.72196139801774
volume_change,1,train,1917,0.02315477010647722,0.0303030303030303,0.3598984172906848,0.06433696008108712,52.52999478351591
volume_ratio_20,1,train,1917,0.011425007223107296,0.01818181818181818,0.35152478901885126,0.0325012846320053,52.26917057902973
relative_strength_1d,1,train,1917,-0.014196569656606364,-0.01818181818181818,0.3814070772432346,-0.03722156851209342,48.56546687532603
relative_strength_20d,1,train,1917,0.011337736200263437,0.01818181818181818,0.384135446406896,0.029514944029023358,51.43453312467396
beta_60,1,train,1917,0.006033095671624115,0.01818181818181818,0.4165396880270161,0.014483843544898461,50.96504955659885
return_1d,3,train,1917,-0.00852365945425081,-0.006060606060606061,0.38177260700910104,-0.02232653495238231,49.66092853416797
return_5d,3,train,1917,0.0028906554366316954,-0.006060606060606061,0.3850735765547474,0.007506761337649767,49.50443401147627
return_10d,3,train,1917,-0.0012380975244429128,-0.006060606060606061,0.38441391090685745,-0.003220740689435926,49.713093375065206
return_20d,3,train,1917,0.020746877047381717,0.006060606060606061,0.386640215596073,0.05365938723005522,50.70422535211267
return_60d,3,train,1917,0.028653446233952693,0.01818181818181818,0.39613488095535476,0.07233255037993486,52.58215962441315
price_ma20_ratio,3,train,1917,0.009536409490845247,0.01818181818181818,0.38898141968587324,0.02451636250015873,51.538862806468444
price_ma50_ratio,3,train,1917,0.02420558332231934,0.006060606060606061,0.38988527601605366,0.062083861103086814,50.70422535211267
price_ma200_ratio,3,train,1917,0.03658917152850888,0.0303030303030303,0.410843396026321,0.08905868241378466,53.15597287428273
momentum_5,3,train,1917,0.0028906554366316954,-0.006060606060606061,0.3850735765547474,0.007506761337649767,49.50443401147627
momentum_10,3,train,1917,-0.0012380975244429128,-0.006060606060606061,0.38441391090685745,-0.003220740689435926,49.713093375065206
momentum_20,3,train,1917,0.020746877047381717,0.006060606060606061,0.386640215596073,0.05365938723005522,50.70422535211267
volatility_10,3,train,1917,0.02874856087367707,0.01818181818181818,0.3872424578627525,0.07423917571524714,51.85185185185185
volatility_20,3,train,1917,0.02407894986838311,0.0303030303030303,0.392503049905419,0.06134716628109103,52.47782994261867
volatility_60,3,train,1917,0.027031796013717527,0.0303030303030303,0.40251904078322115,0.06715656472081193,52.52999478351591
rsi_14,3,train,1917,0.007829138771500205,-0.006060606060606061,0.3680841840390809,0.021269967879600487,49.556598852373504
macd,3,train,1917,0.007445720812936283,0.006060606060606061,0.36895025295292616,0.020180825879217577,51.12154407929056
macd_signal,3,train,1917,0.008244956140990894,0.006060606060606061,0.3671386210116842,0.022457338098266968,51.330203442879494
macd_hist,3,train,1917,-0.022546490669182472,-0.0303030303030303,0.3652495873678256,-0.061728996962498874,47.67866458007303
volume_change,3,train,1917,0.00620248884499807,0.006060606060606061,0.35792690850669395,0.01732892581581938,50.80855503390714
volume_ratio_20,3,train,1917,0.00024688615232817637,0.006060606060606061,0.36095833601338867,0.0006839740981048263,50.75639019300991
relative_strength_1d,3,train,1917,-0.00852365945425081,-0.006060606060606061,0.38177260700910104,-0.02232653495238231,49.66092853416797
relative_strength_20d,3,train,1917,0.020746877047381717,0.006060606060606061,0.386640215596073,0.05365938723005522,50.70422535211267
beta_60,3,train,1917,0.016639725300043966,0.0303030303030303,0.40238892828469264,0.04135234379080942,52.42566510172144
return_1d,5,train,1917,0.0033068962659828696,0.006060606060606061,0.3840830461538315,0.008609847008603457,50.599895670318205
return_5d,5,train,1917,0.007932217321888682,0.006060606060606061,0.38615363088081267,0.02054161009387733,50.91288471570161
return_10d,5,train,1917,-0.0011729185438105595,-0.006060606060606061,0.39070772993747055,-0.0030020356751023973,49.869587897756915
return_20d,5,train,1917,0.0230315676325066,0.01818181818181818,0.38642854952858785,0.05960110261160383,52.164840897235266
return_60d,5,train,1917,0.0293419326283176,0.0303030303030303,0.4015156299592298,0.07307793380620575,52.947313510693796
price_ma20_ratio,5,train,1917,0.011656470811400392,0.01818181818181818,0.3918531393096975,0.029747039495293687,51.4866979655712
price_ma50_ratio,5,train,1917,0.030233477181833987,0.01818181818181818,0.3878140303933419,0.07795869878964813,52.0605112154408
price_ma200_ratio,5,train,1917,0.04090671977995921,0.0303030303030303,0.4064044374229769,0.10065519963155418,53.78195096504955
momentum_5,5,train,1917,0.007932217321888682,0.006060606060606061,0.38615363088081267,0.02054161009387733,50.91288471570161
momentum_10,5,train,1917,-0.0011729185438105595,-0.006060606060606061,0.39070772993747055,-0.0030020356751023973,49.869587897756915
momentum_20,5,train,1917,0.0230315676325066,0.01818181818181818,0.38642854952858785,0.05960110261160383,52.164840897235266
volatility_10,5,train,1917,0.03888967926526611,0.04242424242424241,0.38763574132936973,0.10032531864037271,54.51225873761085
volatility_20,5,train,1917,0.031864814024438436,0.0303030303030303,0.38304894264732403,0.08318731753758318,53.52112676056338
volatility_60,5,train,1917,0.03698645294889426,0.05454545454545454,0.3964062495012224,0.09330441433613222,54.19926969222744
rsi_14,5,train,1917,0.00014859075891939942,-0.006060606060606061,0.3654029086079077,0.0004066490863072012,49.50443401147627
macd,5,train,1917,0.00650321683185533,0.006060606060606061,0.361281619448162,0.01800040877193985,50.91288471570161
macd_signal,5,train,1917,0.0037210919840027818,0.006060606060606061,0.36095408818372465,0.010309045127392369,50.91288471570161
macd_hist,5,train,1917,-0.022791293213828424,-0.01818181818181818,0.3644555180306523,-0.06253518491634301,48.56546687532603
volume_change,5,train,1917,0.0035187556314316875,0.006060606060606061,0.34845865652083663,0.01009805773392023,50.91288471570161
volume_ratio_20,5,train,1917,0.011296059183383127,0.01818181818181818,0.3537868499761651,0.031928996750851965,52.21700573813249
relative_strength_1d,5,train,1917,0.0033068962659828696,0.006060606060606061,0.3840830461538315,0.008609847008603457,50.599895670318205
relative_strength_20d,5,train,1917,0.0230315676325066,0.01818181818181818,0.38642854952858785,0.05960110261160383,52.164840897235266
beta_60,5,train,1917,0.02525094449977079,0.01818181818181818,0.3924803732227455,0.06433683369292979,52.112676056338024
return_1d,10,train,1917,-0.0012518984370072134,0.006060606060606061,0.38388426854455415,-0.003261135033622552,50.02608242044862
return_5d,10,train,1917,-0.007028026746336609,-0.01818181818181818,0.3853519728271532,-0.018237941523369283,48.40897235263432
return_10d,10,train,1917,-0.0025450119346832906,0.006060606060606061,0.3821108613330566,-0.006660401972884512,50.130412102243085
return_20d,10,train,1917,0.029986879752137967,0.04242424242424241,0.37887825286202775,0.07914647918063004,54.25143453312467
return_60d,10,train,1917,0.04584499138489749,0.06666666666666665,0.39735011459245995,0.1153768168203957,55.97287428273344
price_ma20_ratio,10,train,1917,0.013034887213290967,0.01818181818181818,0.38251257678614464,0.03407701603646491,51.85185185185185
price_ma50_ratio,10,train,1917,0.03886438722119473,0.04242424242424241,0.39021600569132003,0.09959711199529413,54.147104851330205
price_ma200_ratio,10,train,1917,0.05312910007745688,0.06666666666666665,0.39742474470789035,0.13368342254709656,55.9207094418362
momentum_5,10,train,1917,-0.007028026746336609,-0.01818181818181818,0.3853519728271532,-0.018237941523369283,48.40897235263432
momentum_10,10,train,1917,-0.0025450119346832906,0.006060606060606061,0.3821108613330566,-0.006660401972884512,50.130412102243085
momentum_20,10,train,1917,0.029986879752137967,0.04242424242424241,0.37887825286202775,0.07914647918063004,54.25143453312467
volatility_10,10,train,1917,0.035070580610486714,0.0303030303030303,0.3780238701854626,0.09277345526694045,52.52999478351591
volatility_20,10,train,1917,0.029025782077425268,0.0303030303030303,0.38679415895955876,0.07504193485108976,52.84298382889933
volatility_60,10,train,1917,0.045402380613648215,0.05454545454545454,0.4030723044078091,0.11264078458665887,54.877412623891495
rsi_14,10,train,1917,0.009803828583171303,0.006060606060606061,0.355902789495908,0.027546366234041622,50.39123630672926
macd,10,train,1917,0.00328480422377136,-0.01818181818181818,0.35986024312682197,0.009127999790223365,48.5133020344288
macd_signal,10,train,1917,0.002532365912647605,0.006060606060606061,0.36687488721876826,0.00690253271856558,50.49556598852374
macd_hist,10,train,1917,-0.029537945969870853,-0.0303030303030303,0.3613011374210683,-0.08175436750825028,46.322378716744915
volume_change,10,train,1917,0.0027916093643793167,0.006060606060606061,0.3472042306497818,0.008040251580906453,50.07824726134585
volume_ratio_20,10,train,1917,0.005352428826607229,0.01818181818181818,0.353824030068718,0.015127375112333965,51.538862806468444
relative_strength_1d,10,train,1917,-0.0012518984370072134,0.006060606060606061,0.38388426854455415,-0.003261135033622552,50.02608242044862
relative_strength_20d,10,train,1917,0.029986879752137967,0.04242424242424241,0.37887825286202775,0.07914647918063004,54.25143453312467
beta_60,10,train,1917,0.03759978501762539,0.05454545454545454,0.40365080868934167,0.09314928697829761,54.40792905581638
return_1d,20,train,1917,0.009563140328720375,0.0303030303030303,0.37808404980610005,0.025293688886438927,52.42566510172144
return_5d,20,train,1917,0.02045810214824299,0.0303030303030303,0.3702625235819683,0.055252964708198446,53.20813771517997
return_10d,20,train,1917,0.02718578587123188,0.01818181818181818,0.3741255384173739,0.07266487603661917,52.21700573813249
return_20d,20,train,1917,0.042152352950475015,0.05454545454545454,0.36768689796870135,0.11464197713692575,55.712050078247266
return_60d,20,train,1917,0.0702454909027679,0.07878787878787878,0.38155398065823964,0.1841036772348268,56.598852373500264
price_ma20_ratio,20,train,1917,0.037378479632000756,0.0303030303030303,0.3724743465992465,0.1003518228121549,53.31246739697444
price_ma50_ratio,20,train,1917,0.05118793569497795,0.05454545454545454,0.37371063402196397,0.13697211434440876,55.08607198748044
price_ma200_ratio,20,train,1917,0.07634719653498996,0.09090909090909088,0.3859001571799299,0.19784183839912844,59.25925925925925
momentum_5,20,train,1917,0.02045810214824299,0.0303030303030303,0.3702625235819683,0.055252964708198446,53.20813771517997
momentum_10,20,train,1917,0.02718578587123188,0.01818181818181818,0.3741255384173739,0.07266487603661917,52.21700573813249
momentum_20,20,train,1917,0.042152352950475015,0.05454545454545454,0.36768689796870135,0.11464197713692575,55.712050078247266
volatility_10,20,train,1917,0.02673052907794691,0.0303030303030303,0.3674697752072585,0.07274211617233142,52.84298382889933
volatility_20,20,train,1917,0.02769162675265961,0.0303030303030303,0.37928214963429796,0.07301062488535183,52.63432446531038
volatility_60,20,train,1917,0.05852262847568011,0.05454545454545454,0.38660794595938597,0.15137461370705516,56.07720396452791
rsi_14,20,train,1917,0.03198495123377752,0.0303030303030303,0.3530494337921601,0.09059623999455849,54.25143453312467
macd,20,train,1917,0.005188030540143216,-0.006060606060606061,0.357886690937331,0.014496293579834977,49.29577464788733
macd_signal,20,train,1917,0.004713804713804709,-0.006060606060606061,0.3606783097650341,0.013069276932332147,49.45226917057903
macd_hist,20,train,1917,-0.009146235437315253,-0.0303030303030303,0.35026509364726094,-0.026112323503540688,47.835159102764734
volume_change,20,train,1917,-0.0019380028769700115,0.006060606060606061,0.349633627956645,-0.005542953314577413,50.91288471570161
volume_ratio_20,20,train,1917,-0.01149207252493637,-0.01818181818181818,0.35066837858790134,-0.03277190994869152,48.09598330725091
relative_strength_1d,20,train,1917,0.009563140328720375,0.0303030303030303,0.37808404980610005,0.025293688886438927,52.42566510172144
relative_strength_20d,20,train,1917,0.042152352950475015,0.05454545454545454,0.36768689796870135,0.11464197713692575,55.712050078247266
beta_60,20,train,1917,0.061658841940532075,0.07878787878787878,0.41299172244859755,0.14929800911011323,56.75534689619197
return_1d,1,validation,412,-0.0006178287731685798,0.036363636363636355,0.3800178180710616,-0.0016257889598562155,53.883495145631066
return_5d,1,validation,412,-0.018534863195057365,0.0,0.3777220545196903,-0.049070111139330255,50.0
return_10d,1,validation,412,-0.0019123271550456086,-0.01818181818181818,0.3921658795399392,-0.004876322124936043,49.51456310679612
return_20d,1,validation,412,0.0014416004707266839,-0.006060606060606061,0.3798725679377603,0.0037949580791074152,49.029126213592235
return_60d,1,validation,412,0.010561929979405707,0.01818181818181818,0.40941562675357357,0.02579757412572557,51.213592233009706
price_ma20_ratio,1,validation,412,0.0016475433951162084,0.0303030303030303,0.37416467022540695,0.004403257512591137,52.9126213592233
price_ma50_ratio,1,validation,412,-0.0035010297146219477,0.01818181818181818,0.39352350900678984,-0.008896621509241373,51.45631067961165
price_ma200_ratio,1,validation,412,0.005207413945278021,0.030303030303030297,0.45786873662262906,0.01137315900554687,50.728155339805824
momentum_5,1,validation,412,-0.018534863195057365,0.0,0.3777220545196903,-0.049070111139330255,50.0
momentum_10,1,validation,412,-0.0019123271550456086,-0.01818181818181818,0.3921658795399392,-0.004876322124936043,49.51456310679612
momentum_20,1,validation,412,0.0014416004707266839,-0.006060606060606061,0.3798725679377603,0.0037949580791074152,49.029126213592235
volatility_10,1,validation,412,0.008649602824360106,0.01818181818181818,0.4126245257387885,0.02096240597640996,51.45631067961165
volatility_20,1,validation,412,0.008649602824360102,0.04242424242424241,0.4089539193557848,0.021150556126190483,53.15533980582524
volatility_60,1,validation,412,0.016769638128861432,0.01818181818181818,0.4355388864156014,0.03850319374894909,53.15533980582524
rsi_14,1,validation,412,0.010061782877316862,0.0303030303030303,0.3485945513558009,0.02886385584107158,53.883495145631066
macd,1,validation,412,-0.010797293321565163,-0.012121212121212121,0.369621218236867,-0.02921177894783588,48.30097087378641
macd_signal,1,validation,412,-0.013474551338629006,-0.006060606060606061,0.36712030769498405,-0.03670336686965331,49.51456310679612
macd_hist,1,validation,412,-0.0025595763459841155,-0.006060606060606061,0.34940145517712135,-0.007325602993515281,49.271844660194176
volume_change,1,validation,412,-0.007296263606943218,-0.006060606060606061,0.3464614810625837,-0.021059378908633266,49.51456310679612
volume_ratio_20,1,validation,412,-0.005707561047366875,0.006060606060606061,0.34232503209306625,-0.016672929269791723,51.94174757281553
relative_strength_1d,1,validation,412,-0.0006178287731685798,0.036363636363636355,0.3800178180710616,-0.0016257889598562155,53.883495145631066
relative_strength_20d,1,validation,412,0.0014416004707266839,-0.006060606060606061,0.3798725679377603,0.0037949580791074152,49.029126213592235
beta_60,1,validation,412,0.021829949985289792,0.04242424242424241,0.4819721062562792,0.04529297380890782,52.42718446601942
return_1d,3,validation,412,0.009208590761988817,0.01818181818181818,0.3904119940629521,0.02358685414901463,52.18446601941748
return_5d,3,validation,412,-0.019005589879376283,-0.0303030303030303,0.3835693366687153,-0.04954929412355818,46.359223300970875
return_10d,3,validation,412,-0.024713150926743154,-0.0303030303030303,0.3977448234718604,-0.06213318054280487,48.05825242718447
return_20d,3,validation,412,-8.826125330979865e-05,-0.006060606060606061,0.4052596709668249,-0.00021778938205036403,49.75728155339806
return_60d,3,validation,412,0.016710797293321564,0.036363636363636355,0.4216251226823918,0.03963425420906365,52.18446601941748
price_ma20_ratio,3,validation,412,-0.008855545748749633,-0.006060606060606061,0.3979787551264178,-0.02225130270065967,49.51456310679612
price_ma50_ratio,3,validation,412,-0.02124154162989115,-0.04242424242424242,0.4206199809282604,-0.050500552976616764,47.81553398058252
price_ma200_ratio,3,validation,412,0.008325978228890854,0.01818181818181818,0.46407638432000675,0.017940965130321358,50.970873786407765
momentum_5,3,validation,412,-0.019005589879376283,-0.0303030303030303,0.3835693366687153,-0.04954929412355818,46.359223300970875
momentum_10,3,validation,412,-0.024713150926743154,-0.0303030303030303,0.3977448234718604,-0.06213318054280487,48.05825242718447
momentum_20,3,validation,412,-8.826125330979865e-05,-0.006060606060606061,0.4052596709668249,-0.00021778938205036403,49.75728155339806
volatility_10,3,validation,412,0.02124154162989115,0.04242424242424241,0.4021403739964276,0.05282121120740751,52.9126213592233
volatility_20,3,validation,412,0.022918505442777286,0.05454545454545454,0.4050148619004359,0.05658682581482973,54.12621359223301
volatility_60,3,validation,412,0.04110032362459548,0.07878787878787878,0.4348832832258275,0.09450886067573395,55.582524271844655
rsi_14,3,validation,412,0.007708149455722272,-0.006060606060606061,0.3576555462035099,0.02155188011913633,49.271844660194176
macd,3,validation,412,-0.038334804354221826,-0.06666666666666665,0.3822024865619048,-0.10029972515108897,43.932038834951456
macd_signal,3,validation,412,-0.04268902618417181,-0.04242424242424241,0.36595530027259193,-0.11665093018839652,44.90291262135923
macd_hist,3,validation,412,-0.00014710208884965938,-0.006060606060606061,0.35541993652670945,-0.00041388249147527716,48.786407766990294
volume_change,3,validation,412,0.012238893792291847,0.0303030303030303,0.3518150087034463,0.034787867173137914,52.42718446601942
volume_ratio_20,3,validation,412,0.0029420417769932387,0.006060606060606061,0.33836792500067026,0.008694801012795203,50.48543689320388
relative_strength_1d,3,validation,412,0.009208590761988817,0.01818181818181818,0.3904119940629521,0.02358685414901463,52.18446601941748
relative_strength_20d,3,validation,412,-8.826125330979865e-05,-0.006060606060606061,0.4052596709668249,-0.00021778938205036403,49.75728155339806
beta_60,3,validation,412,0.037540453074433655,0.09090909090909088,0.46799473838860295,0.0802155451655135,56.310679611650485
return_1d,5,validation,412,-0.012238893792291854,-0.02424242424242424,0.37574518946749136,-0.03257232330675184,47.57281553398058
return_5d,5,validation,412,-0.014180641365107379,-0.02424242424242424,0.3677474639626225,-0.038560813478644915,47.33009708737864
return_10d,5,validation,412,-0.04530744336569579,-0.060606060606060594,0.38025327484057087,-0.11915069866181134,45.63106796116505
return_20d,5,validation,412,-0.03165636952044719,-0.04242424242424241,0.39038985905098006,-0.08108911844534686,46.84466019417476
return_60d,5,validation,412,-0.0012944983818770266,-0.01818181818181818,0.40215928726724287,-0.0032188697932936374,48.30097087378641
price_ma20_ratio,5,validation,412,-0.030155928214180637,-0.01818181818181818,0.3774481070328657,-0.07989423619378454,48.05825242718447
price_ma50_ratio,5,validation,412,-0.06378346572521329,-0.10303030303030303,0.40304915166773997,-0.15825232595401717,41.74757281553398
price_ma200_ratio,5,validation,412,-0.0017946454839658612,0.02424242424242424,0.44521805753024607,-0.004030935973085371,51.45631067961165
momentum_5,5,validation,412,-0.014180641365107379,-0.02424242424242424,0.3677474639626225,-0.038560813478644915,47.33009708737864
momentum_10,5,validation,412,-0.04530744336569579,-0.060606060606060594,0.38025327484057087,-0.11915069866181134,45.63106796116505
momentum_20,5,validation,412,-0.03165636952044719,-0.04242424242424241,0.39038985905098006,-0.08108911844534686,46.84466019417476
volatility_10,5,validation,412,0.025684024713150927,0.0303030303030303,0.3940702360789613,0.06517626139114076,51.94174757281553
volatility_20,5,validation,412,0.03342159458664313,0.06666666666666665,0.38996651530252013,0.08570375474600946,56.55339805825243
volatility_60,5,validation,412,0.054574874963224475,0.08484848484848484,0.41849040759294776,0.13040890298328583,56.067961165048544
rsi_14,5,validation,412,-0.009679317446307734,-0.01818181818181818,0.34725225810243304,-0.027874023049412434,47.33009708737864
macd,5,validation,412,-0.07614004118858486,-0.07878787878787878,0.3667025682780509,-0.2076343275863068,42.23300970873786
macd_signal,5,validation,412,-0.08078846719623418,-0.11515151515151514,0.3509053466779857,-0.23022865841474655,39.07766990291262
macd_hist,5,validation,412,-0.007855251544571928,0.006060606060606061,0.32840618926002335,-0.023919316387646845,50.970873786407765
volume_change,5,validation,412,0.010973815828184756,0.01818181818181818,0.3642037934405841,0.03013097618922801,50.970873786407765
volume_ratio_20,5,validation,412,0.0054427772874374785,-0.006060606060606061,0.34173988812076406,0.015926666674374604,49.029126213592235
relative_strength_1d,5,validation,412,-0.012238893792291854,-0.02424242424242424,0.37574518946749136,-0.03257232330675184,47.57281553398058
relative_strength_20d,5,validation,412,-0.03165636952044719,-0.04242424242424241,0.39038985905098006,-0.08108911844534686,46.84466019417476
beta_60,5,validation,412,0.05198587819947044,0.09090909090909088,0.45417877166480447,0.11446126821144637,54.36893203883495
return_1d,10,validation,412,-0.003353927625772288,0.006060606060606061,0.3543312672437927,-0.009465514155330427,50.24271844660194
return_5d,10,validation,412,-0.03783465725213298,-0.04242424242424241,0.34003737789338623,-0.11126617163832939,44.417475728155345
return_10d,10,validation,412,-0.04716092968520152,-0.09696969696969696,0.3710315323520806,-0.1271076056157119,43.689320388349515
return_20d,10,validation,412,-0.02912621359223301,-0.060606060606060594,0.39579319444130384,-0.0735894755172513,45.38834951456311
return_60d,10,validation,412,0.002706678434833775,-0.006060606060606061,0.36602252634837495,0.00739484113679276,49.029126213592235
price_ma20_ratio,10,validation,412,-0.024036481318034715,-0.05454545454545454,0.3691890349483747,-0.0651061625418963,44.417475728155345
price_ma50_ratio,10,validation,412,-0.07855251544571933,-0.1515151515151515,0.40212441590653647,-0.19534380987195973,39.32038834951456
price_ma200_ratio,10,validation,412,0.00403059723448072,0.02424242424242424,0.4216478074538269,0.009559156156461445,52.18446601941748
momentum_5,10,validation,412,-0.03783465725213298,-0.04242424242424241,0.34003737789338623,-0.11126617163832939,44.417475728155345
momentum_10,10,validation,412,-0.04716092968520152,-0.09696969696969696,0.3710315323520806,-0.1271076056157119,43.689320388349515
momentum_20,10,validation,412,-0.02912621359223301,-0.060606060606060594,0.39579319444130384,-0.0735894755172513,45.38834951456311
volatility_10,10,validation,412,0.03907031479847014,0.0303030303030303,0.36026972906412413,0.10844739828673211,53.640776699029125
volatility_20,10,validation,412,0.05937040305972343,0.09090909090909088,0.36061103254960214,0.16463834353586232,58.009708737864074
volatility_60,10,validation,412,0.0908208296557811,0.12727272727272726,0.39609964833161804,0.22928783208548856,61.40776699029126
rsi_14,10,validation,412,-0.005119152691968227,-0.006060606060606061,0.356294190262557,-0.01436776919712294,49.75728155339806
macd,10,validation,412,-0.09926448955575168,-0.11515151515151514,0.3465989485904468,-0.2863958184508113,37.86407766990291
macd_signal,10,validation,412,-0.09576345984112973,-0.09696969696969696,0.33939758369185125,-0.2821571644660738,38.10679611650485
macd_hist,10,validation,412,0.007855251544571928,-0.006060606060606061,0.3161356739790234,0.02484772264294712,48.54368932038835
volume_change,10,validation,412,0.0009120329508679028,-0.006060606060606061,0.35363809757003367,0.0025790008405055563,49.271844660194176
volume_ratio_20,10,validation,412,0.00047072668431890957,0.006060606060606061,0.33027120508370483,0.001425273160582096,51.94174757281553
relative_strength_1d,10,validation,412,-0.003353927625772288,0.006060606060606061,0.3543312672437927,-0.009465514155330427,50.24271844660194
relative_strength_20d,10,validation,412,-0.02912621359223301,-0.060606060606060594,0.39579319444130384,-0.0735894755172513,45.38834951456311
beta_60,10,validation,412,0.07355104442483083,0.10303030303030303,0.43089178095042424,0.17069493472954678,58.009708737864074
return_1d,20,validation,412,-0.008267137393350981,-0.01818181818181818,0.36858843771443495,-0.022429182653189928,49.271844660194176
return_5d,20,validation,412,-0.028449543983524568,-0.04242424242424241,0.3726108110063723,-0.07635190161736352,46.116504854368934
return_10d,20,validation,412,-0.019476316563695212,-0.04848484848484848,0.3983855407375155,-0.04888811106858817,46.359223300970875
return_20d,20,validation,412,-0.06175345689908794,-0.10303030303030303,0.396867078899464,-0.15560236709563804,39.80582524271845
return_60d,20,validation,412,-0.02353633421594587,-0.0303030303030303,0.3787286138424619,-0.06214564560399489,46.84466019417476
price_ma20_ratio,20,validation,412,-0.015180935569285074,-0.06666666666666665,0.4002241423451924,-0.03793108401789404,44.417475728155345
price_ma50_ratio,20,validation,412,-0.08929096793174464,-0.1515151515151515,0.38991468655516726,-0.22900129441292863,38.349514563106794
price_ma200_ratio,20,validation,412,0.034068843777581646,0.04242424242424241,0.41176899348739926,0.08273775907467448,52.9126213592233
momentum_5,20,validation,412,-0.028449543983524568,-0.04242424242424241,0.3726108110063723,-0.07635190161736352,46.116504854368934
momentum_10,20,validation,412,-0.019476316563695212,-0.04848484848484848,0.3983855407375155,-0.04888811106858817,46.359223300970875
momentum_20,20,validation,412,-0.06175345689908794,-0.10303030303030303,0.396867078899464,-0.15560236709563804,39.80582524271845
volatility_10,20,validation,412,0.09632244777875845,0.11515151515151514,0.309157447009348,0.31156437831447725,67.71844660194175
volatility_20,20,validation,412,0.1045601647543395,0.12727272727272726,0.31001631675817587,0.3372731017764471,66.99029126213593
volatility_60,20,validation,412,0.13289202706678432,0.13939393939393938,0.3362077796079782,0.39526755514621886,63.59223300970874
rsi_14,20,validation,412,-0.014180641365107396,-0.02424242424242424,0.39006934468440807,-0.0363541548659264,48.05825242718447
macd,20,validation,412,-0.15654604295380992,-0.16969696969696968,0.36192278633202796,-0.4325398921144318,34.46601941747573
macd_signal,20,validation,412,-0.1582230067666961,-0.1515151515151515,0.3592399699791681,-0.44043820284215945,34.70873786407767
macd_hist,20,validation,412,0.028714327743453952,0.06666666666666665,0.3590026091183586,0.07998361854241345,56.067961165048544
volume_change,20,validation,412,0.004354221829949988,-0.006060606060606061,0.34147089655631474,0.012751370245200086,49.271844660194176
volume_ratio_20,20,validation,412,0.0017063842306560724,0.02424242424242424,0.3346018024685462,0.005099746080466733,52.42718446601942
relative_strength_1d,20,validation,412,-0.008267137393350981,-0.01818181818181818,0.36858843771443495,-0.022429182653189928,49.271844660194176
relative_strength_20d,20,validation,412,-0.06175345689908794,-0.10303030303030303,0.396867078899464,-0.15560236709563804,39.80582524271845
beta_60,20,validation,412,0.10800235363342159,0.13939393939393938,0.3843474866125741,0.2810018470142592,63.3495145631068
return_1d,1,test,410,0.010373244641537327,0.006060606060606061,0.37288025124317414,0.027819238500706778,51.21951219512195
return_5d,1,test,410,-0.01950849963045085,-0.02424242424242424,0.37413212449214167,-0.05214334282823824,47.073170731707314
return_10d,1,test,410,-0.03392091648189209,-0.05454545454545454,0.3747630980488084,-0.09051295780854682,44.146341463414636
return_20d,1,test,410,-0.013854397634885442,-0.0303030303030303,0.35742053018125447,-0.03876217638606161,46.82926829268293
return_60d,1,test,410,-0.015683665927568362,-0.0303030303030303,0.37053736286195393,-0.042326813702216075,45.85365853658537
price_ma20_ratio,1,test,410,-0.02885070214338506,-0.036363636363636355,0.3707226141321584,-0.07782288170071036,46.58536585365854
price_ma50_ratio,1,test,410,-0.01809312638580931,-0.036363636363636355,0.37358880382098153,-0.048430590533648,47.80487804878049
price_ma200_ratio,1,test,410,-0.032941611234294156,-0.06666666666666665,0.3783648715712529,-0.08706308040039773,42.19512195121951
momentum_5,1,test,410,-0.01950849963045085,-0.02424242424242424,0.37413212449214167,-0.05214334282823824,47.073170731707314
momentum_10,1,test,410,-0.03392091648189209,-0.05454545454545454,0.3747630980488084,-0.09051295780854682,44.146341463414636
momentum_20,1,test,410,-0.013854397634885442,-0.0303030303030303,0.35742053018125447,-0.03876217638606161,46.82926829268293
volatility_10,1,test,410,-0.013300073909830007,-0.006060606060606061,0.4004085017781266,-0.03321626251882087,49.26829268292683
volatility_20,1,test,410,-0.004453067257945302,-0.006060606060606061,0.40363741238608714,-0.011032345172418892,49.26829268292683
volatility_60,1,test,410,-0.0066962305986696235,0.0303030303030303,0.4332961429753409,-0.015454166179943838,52.6829268292683
rsi_14,1,test,410,-0.03254249815225425,-0.0303030303030303,0.3469557788511215,-0.09379436843511464,46.34146341463415
macd,1,test,410,-0.04065410199556542,-0.05454545454545454,0.36927948420453344,-0.11009033465029502,46.82926829268293
macd_signal,1,test,410,-0.025879526977087945,-0.04242424242424241,0.3643427971128261,-0.07103070839375981,47.80487804878049
macd_hist,1,test,410,-0.03891722099039171,-0.04242424242424241,0.35130180831346297,-0.11078001897350405,45.85365853658537
volume_change,1,test,410,0.003174427198817446,0.006060606060606061,0.3646525563807214,0.008705347441752566,51.21951219512195
volume_ratio_20,1,test,410,0.008311160384331117,0.006060606060606061,0.34108289110001283,0.024366981168498735,50.73170731707317
relative_strength_1d,1,test,410,0.010373244641537327,0.006060606060606061,0.37288025124317414,0.027819238500706778,51.21951219512195
relative_strength_20d,1,test,410,-0.013854397634885442,-0.0303030303030303,0.35742053018125447,-0.03876217638606161,46.82926829268293
beta_60,1,test,410,-0.02073909830007391,-0.01818181818181818,0.45122797202366827,-0.04596146423960189,48.78048780487805
return_1d,3,test,408,0.009733363042186577,0.0303030303030303,0.3642857698352939,0.026719031727721245,51.9607843137255
return_5d,3,test,408,-0.04955436720142602,-0.060606060606060594,0.35228770558968076,-0.14066448080689867,42.8921568627451
return_10d,3,test,408,-0.07368909685086156,-0.07878787878787878,0.3457942946321154,-0.21310096203078804,40.68627450980392
return_20d,3,test,408,-0.03972445038621508,-0.05454545454545454,0.3458985679254953,-0.11484421755331325,44.6078431372549
return_60d,3,test,408,-0.027956030897207367,-0.01818181818181818,0.36668105750551727,-0.07624072835228672,47.30392156862745
price_ma20_ratio,3,test,408,-0.05974450386215091,-0.04242424242424241,0.3397174142010832,-0.17586529675746135,44.36274509803921
price_ma50_ratio,3,test,408,-0.032831996434937616,-0.0303030303030303,0.3577043763386454,-0.09178528026689546,46.07843137254902
price_ma200_ratio,3,test,408,-0.056164587046939975,-0.06666666666666665,0.36317538409352396,-0.15464866151962717,44.11764705882353
momentum_5,3,test,408,-0.04955436720142602,-0.060606060606060594,0.35228770558968076,-0.14066448080689867,42.8921568627451
momentum_10,3,test,408,-0.07368909685086156,-0.07878787878787878,0.3457942946321154,-0.21310096203078804,40.68627450980392
momentum_20,3,test,408,-0.03972445038621508,-0.05454545454545454,0.3458985679254953,-0.11484421755331325,44.6078431372549
volatility_10,3,test,408,-0.012585412953060007,0.006060606060606061,0.3853859321038744,-0.032656648581733436,50.49019607843137
volatility_20,3,test,408,-0.011883541295306005,0.006060606060606061,0.3892243440931267,-0.030531341309069614,50.49019607843137
volatility_60,3,test,408,-0.01714572192513368,0.006060606060606061,0.42111763770054433,-0.04071480363243764,50.49019607843137
rsi_14,3,test,408,-0.045777629233511585,-0.04242424242424241,0.3158154882858846,-0.14495055160838866,44.6078431372549
macd,3,test,408,-0.06163101604278075,-0.07878787878787878,0.34692899077860434,-0.17764735055569658,41.66666666666667
macd_signal,3,test,408,-0.035895721925133676,-0.04242424242424241,0.3650956088002451,-0.09831868984426301,44.85294117647059
macd_hist,3,test,408,-0.06782902554961379,-0.09090909090909088,0.3483131468500761,-0.19473576051612354,41.911764705882355
volume_change,3,test,408,0.005440433749257277,0.0,0.3415860356314573,0.015926979389541112,50.0
volume_ratio_20,3,test,408,0.01128565062388592,0.0303030303030303,0.33951629313897774,0.033240380069966914,53.431372549019606
relative_strength_1d,3,test,408,0.009733363042186577,0.0303030303030303,0.3642857698352939,0.026719031727721245,51.9607843137255
relative_strength_20d,3,test,408,-0.03972445038621508,-0.05454545454545454,0.3458985679254953,-0.11484421755331325,44.6078431372549
beta_60,3,test,408,-0.04037061794414735,-0.0303030303030303,0.4187478935368681,-0.0964079308033414,46.568627450980394
return_1d,5,test,406,-0.01364755933721451,-0.0303030303030303,0.36179499319588965,-0.037721802661390615,45.320197044334975
return_5d,5,test,406,-0.07286908493805044,-0.09090909090909088,0.351589808203867,-0.20725596487085254,40.39408866995074
return_10d,5,test,406,-0.101500223914017,-0.11515151515151514,0.3364037747879639,-0.30172141789429335,35.467980295566505
return_20d,5,test,406,-0.05952754142409313,-0.06666666666666665,0.33426555088590765,-0.1780845835483993,41.13300492610838
return_60d,5,test,406,-0.045570234363337805,-0.05454545454545454,0.35556954168018173,-0.12816124279937935,45.320197044334975
price_ma20_ratio,5,test,406,-0.09267801164352887,-0.09090909090909088,0.3371218624931194,-0.2749095266564637,39.16256157635468
price_ma50_ratio,5,test,406,-0.05248544558889385,-0.07272727272727272,0.35696909910170277,-0.14703078143450285,44.08866995073892
price_ma200_ratio,5,test,406,-0.07586206896551721,-0.10303030303030303,0.3691684052212565,-0.20549447865141715,41.87192118226601
momentum_5,5,test,406,-0.07286908493805044,-0.09090909090909088,0.351589808203867,-0.20725596487085254,40.39408866995074
momentum_10,5,test,406,-0.101500223914017,-0.11515151515151514,0.3364037747879639,-0.30172141789429335,35.467980295566505
momentum_20,5,test,406,-0.05952754142409313,-0.06666666666666665,0.33426555088590765,-0.1780845835483993,41.13300492610838
volatility_10,5,test,406,-0.0215927750410509,-0.006060606060606061,0.3841707490554741,-0.0562061924135013,49.26108374384236
volatility_20,5,test,406,-0.006023287057769818,0.006060606060606061,0.3869659027640808,-0.015565420660439944,50.49261083743842
volatility_60,5,test,406,-0.01533437826541274,-0.01818181818181818,0.41570729321180705,-0.03688744103317841,47.783251231527096
rsi_14,5,test,406,-0.06441633079564113,-0.05454545454545454,0.32612368964729693,-0.19752116402616274,44.08866995073892
macd,5,test,406,-0.07613822958650543,-0.09090909090909088,0.3514813054901505,-0.21662099348449995,39.6551724137931
macd_signal,5,test,406,-0.040812061501716665,-0.07272727272727272,0.3575231112601941,-0.11415223300631586,40.88669950738916
macd_hist,5,test,406,-0.08555381400208986,-0.11515151515151514,0.3522085010963222,-0.24290672637311658,40.64039408866995
volume_change,5,test,406,0.01901776384535005,0.02424242424242424,0.3431103344978833,0.05542754599094529,52.463054187192114
volume_ratio_20,5,test,406,0.02742946708463949,0.04242424242424241,0.3447602948304653,0.07956098047232452,54.679802955665025
relative_strength_1d,5,test,406,-0.01364755933721451,-0.0303030303030303,0.36179499319588965,-0.037721802661390615,45.320197044334975
relative_strength_20d,5,test,406,-0.05952754142409313,-0.06666666666666665,0.33426555088590765,-0.1780845835483993,41.13300492610838
beta_60,5,test,406,-0.039080459770114935,-0.060606060606060594,0.4275642399086451,-0.0914025452139426,45.566502463054185
return_1d,10,test,401,-0.03534723796569183,-0.04242424242424241,0.3612956272054319,-0.0978346686316064,44.13965087281795
return_5d,10,test,401,-0.0881961762261014,-0.09090909090909088,0.37381479681599505,-0.2359354872448099,36.907730673316706
return_10d,10,test,401,-0.10254288521121437,-0.09090909090909088,0.3118474408082466,-0.3288238792194144,37.905236907730675
return_20d,10,test,401,-0.06562381923977932,-0.07878787878787878,0.31435054496901726,-0.20875999832049688,39.900249376558605
return_60d,10,test,401,-0.06848409279830724,-0.04242424242424241,0.33676058375465695,-0.20336136739862803,43.64089775561097
price_ma20_ratio,10,test,401,-0.10530491951938334,-0.10303030303030303,0.32387938336142674,-0.3251362233262943,39.15211970074813
price_ma50_ratio,10,test,401,-0.06976498148567974,-0.06666666666666665,0.33782144838930817,-0.20651436378095805,42.8927680798005
price_ma200_ratio,10,test,401,-0.10046474722285195,-0.11515151515151514,0.3773425248187894,-0.2662428446703641,39.900249376558605
momentum_5,10,test,401,-0.0881961762261014,-0.09090909090909088,0.37381479681599505,-0.2359354872448099,36.907730673316706
momentum_10,10,test,401,-0.10254288521121437,-0.09090909090909088,0.3118474408082466,-0.3288238792194144,37.905236907730675
momentum_20,10,test,401,-0.06562381923977932,-0.07878787878787878,0.31435054496901726,-0.20875999832049688,39.900249376558605
volatility_10,10,test,401,-0.013700596992367553,-0.006060606060606061,0.37691639402655774,-0.03634916710840177,49.62593516209476
volatility_20,10,test,401,0.014524295322300314,0.006060606060606061,0.35274020205818024,0.04117561660835219,51.12219451371571
volatility_60,10,test,401,-0.009910828988135717,-0.04242424242424241,0.3916543838636745,-0.025305037799820566,46.38403990024938
rsi_14,10,test,401,-0.08845310965011713,-0.07878787878787878,0.3011026223143863,-0.2937639963751686,36.15960099750624
macd,10,test,401,-0.07673618982845914,-0.07878787878787878,0.3430781644563151,-0.22366969914877846,41.14713216957606
macd_signal,10,test,401,-0.04721907352830045,-0.04242424242424241,0.3664624645599361,-0.12885105050254778,44.38902743142145
macd_hist,10,test,401,-0.08719489155898133,-0.09090909090909088,0.3186336015325898,-0.2736525311190793,38.403990024937656
volume_change,10,test,401,0.001326229879845842,0.006060606060606061,0.337509495203523,0.003929459463195566,50.12468827930174
volume_ratio_20,10,test,401,0.019783873649210307,0.0303030303030303,0.33946300772454624,0.058279910326086926,53.11720698254364
relative_strength_1d,10,test,401,-0.03534723796569183,-0.04242424242424241,0.3612956272054319,-0.0978346686316064,44.13965087281795
relative_strength_20d,10,test,401,-0.06562381923977932,-0.07878787878787878,0.31435054496901726,-0.20875999832049688,39.900249376558605
beta_60,10,test,401,-0.026596387818332953,-0.04242424242424241,0.40061184193079463,-0.06638941996858759,46.633416458852864
return_1d,20,test,391,-0.02665659149035108,-0.01818181818181818,0.3594808070716197,-0.07415303116597338,47.82608695652174
return_5d,20,test,391,-0.06802681546927071,-0.11515151515151514,0.3557233595044631,-0.1912351653375668,40.92071611253197
return_10d,20,test,391,-0.0811749205611098,-0.09090909090909088,0.32827728933492895,-0.247275468630698,41.17647058823529
return_20d,20,test,391,-0.031384174223048907,-0.0303030303030303,0.3242827052199935,-0.0967802899070978,45.26854219948849
return_60d,20,test,391,-0.1058319770595985,-0.09090909090909088,0.3734788325684555,-0.28336807291535165,40.153452685421996
price_ma20_ratio,20,test,391,-0.07020460358056266,-0.09090909090909088,0.32464738370702856,-0.21624878900585065,39.89769820971867
price_ma50_ratio,20,test,391,-0.06198945981554677,-0.04242424242424241,0.3490815559829793,-0.1775787312537626,43.73401534526854
price_ma200_ratio,20,test,391,-0.11360536309385415,-0.11515151515151514,0.37233888454669267,-0.3051128093488383,39.89769820971867
momentum_5,20,test,391,-0.06802681546927071,-0.11515151515151514,0.3557233595044631,-0.1912351653375668,40.92071611253197
momentum_10,20,test,391,-0.0811749205611098,-0.09090909090909088,0.32827728933492895,-0.247275468630698,41.17647058823529
momentum_20,20,test,391,-0.031384174223048907,-0.0303030303030303,0.3242827052199935,-0.0967802899070978,45.26854219948849
volatility_10,20,test,391,-0.02186700767263427,-0.05454545454545454,0.3522168828413486,-0.06208392822124875,45.52429667519181
volatility_20,20,test,391,0.00609548167092924,-0.0303030303030303,0.34941801676746226,0.017444669073792447,46.80306905370844
volatility_60,20,test,391,-0.04662481593427885,-0.04242424242424241,0.3746671487230052,-0.12444329878718295,46.03580562659847
rsi_14,20,test,391,-0.07350616135782374,-0.06666666666666667,0.30306656419248806,-0.2425413095426041,39.89769820971867
macd,20,test,391,-0.07372704022320391,-0.09090909090909088,0.3305656248893649,-0.22303299155161455,40.40920716112532
macd_signal,20,test,391,-0.07069673719290087,-0.07878787878787878,0.32222388850330325,-0.21940253257224326,43.73401534526854
macd_hist,20,test,391,-0.05662249089359062,-0.07878787878787878,0.30197496134404933,-0.18750723782386342,40.92071611253197
volume_change,20,test,391,0.0018135317368053944,0.01818181818181818,0.33559341732273884,0.005403955033663036,51.91815856777494
volume_ratio_20,20,test,391,-0.023808416647291327,-0.01818181818181818,0.33339617545440586,-0.07141178693739181,47.05882352941176
relative_strength_1d,20,test,391,-0.02665659149035108,-0.01818181818181818,0.3594808070716197,-0.07415303116597338,47.82608695652174
relative_strength_20d,20,test,391,-0.031384174223048907,-0.0303030303030303,0.3242827052199935,-0.0967802899070978,45.26854219948849
beta_60,20,test,391,-0.035173990544834534,-0.01818181818181818,0.3823211739889837,-0.09200115750284876,49.10485933503836
