factor,mean_ic,ic_std,icir,positive_pct,abs_ic,fold
price_ma200_ratio,0.07172954030096887,0.3515495358057537,0.20403821651069548,57.55102040816327,0.07172954030096887,1
volatility_60,0.071581117295403,0.38693510271505704,0.18499514981486717,58.77551020408164,0.071581117295403,1
beta_60,0.0697670583384869,0.37700786631663863,0.18505464891252812,60.544217687074834,0.0697670583384869,1
macd_hist,-0.06808493094207378,0.34572632054594615,-0.1969330273568959,39.31972789115646,0.06808493094207378,1
macd,-0.05568336425479282,0.3245829097315547,-0.17155359258084654,41.63265306122449,0.05568336425479282,1
macd_signal,-0.04272108843537415,0.32828144475793763,-0.13013555629644274,44.21768707482993,0.04272108843537415,1
return_60d,0.029824778396206973,0.33645347813761517,0.08864458337983991,51.29251700680272,0.029824778396206973,1
volatility_10,0.02769738198309626,0.3376318232503121,0.08203427543191652,53.605442176870746,0.02769738198309626,1
volatility_20,0.01692846835703977,0.3571838668171711,0.04739426925378131,51.83673469387755,0.01692846835703977,1
momentum_5,-0.011519274376417232,0.3596723186484454,-0.03202713631036065,49.1156462585034,0.011519274376417232,1
return_5d,-0.011519274376417232,0.3596723186484454,-0.03202713631036065,49.1156462585034,0.011519274376417232,1
return_10d,-0.01085961657390229,0.3499027099526231,-0.03103610307954655,45.442176870748305,0.01085961657390229,1
momentum_10,-0.01085961657390229,0.3499027099526231,-0.03103610307954655,45.442176870748305,0.01085961657390229,1
volume_change,0.005928674500103071,0.3432679081517235,0.01727127517403291,52.51700680272109,0.005928674500103071,1
rsi_14,-0.005714285714285711,0.34637488276259565,-0.01649740208848303,48.843537414965986,0.005714285714285711,1
price_ma20_ratio,-0.003768295196866625,0.3588568492459915,-0.010500831194344879,46.25850340136054,0.003768295196866625,1
volume_ratio_20,-0.0030096887239744394,0.3621333635659504,-0.008310995414335321,50.476190476190474,0.0030096887239744394,1
price_ma50_ratio,0.0019542362399505176,0.33942538658996374,0.005757484021993013,49.93197278911565,0.0019542362399505176,1
return_1d,0.0010636982065553476,0.3528962160743019,0.0030141955569492054,50.204081632653065,0.0010636982065553476,1
relative_strength_1d,0.0010636982065553476,0.3528962160743019,0.0030141955569492054,50.204081632653065,0.0010636982065553476,1
return_20d,-0.0003710575139146577,0.35482317083154796,-0.001045753334104601,49.523809523809526,0.0003710575139146577,1
momentum_20,-0.0003710575139146577,0.35482317083154796,-0.001045753334104601,49.523809523809526,0.0003710575139146577,1
relative_strength_20d,-0.0003710575139146577,0.35482317083154796,-0.001045753334104601,49.523809523809526,0.0003710575139146577,1
volatility_60,0.0632317727685575,0.3540056289974538,0.17861798680328977,58.991825613079016,0.0632317727685575,2
price_ma200_ratio,0.05786475105276194,0.3497157597679751,0.16546223450482558,56.539509536784735,0.05786475105276194,2
macd_hist,-0.0566592354058294,0.33908127979398434,-0.16709632404435262,41.96185286103542,0.0566592354058294,2
beta_60,0.0494756832631492,0.366871547295082,0.13485832746619333,58.31062670299727,0.0494756832631492,2
macd,-0.03860952852778465,0.3196059586494531,-0.12080353160790708,44.141689373297005,0.03860952852778465,2
return_60d,0.0314590042110478,0.33789862246259506,0.09310190133885578,51.63487738419619,0.0314590042110478,2
volatility_10,0.029510362480389726,0.3257951560498568,0.0905795004388393,53.40599455040872,0.029510362480389726,2
macd_signal,-0.02700024770869457,0.3204087102913356,-0.08426814515792738,45.91280653950954,0.02700024770869457,2
price_ma50_ratio,0.017983651226158033,0.3406606893978227,0.05279050910730933,52.043596730245234,0.017983651226158033,2
return_5d,-0.01644785731979192,0.35037427554448747,-0.046943678425682575,48.63760217983651,0.01644785731979192,2
momentum_5,-0.01644785731979192,0.35037427554448747,-0.046943678425682575,48.63760217983651,0.01644785731979192,2
volatility_20,0.010403765172157547,0.33457921004354113,0.031095073632350416,51.36239782016349,0.010403765172157547,2
volume_ratio_20,-0.010123028651639008,0.3593054628971437,-0.02817387904435193,49.182561307901906,0.010123028651639008,2
momentum_20,0.009495499958715212,0.35238823410867315,0.026946132247386248,50.13623978201635,0.009495499958715212,2
return_20d,0.009495499958715212,0.35238823410867315,0.026946132247386248,50.13623978201635,0.009495499958715212,2
relative_strength_20d,0.009495499958715212,0.35238823410867315,0.026946132247386248,50.13623978201635,0.009495499958715212,2
momentum_10,-0.00738171909834036,0.34880995230848927,-0.02116258165653465,46.18528610354223,0.00738171909834036,2
return_10d,-0.00738171909834036,0.34880995230848927,-0.02116258165653465,46.18528610354223,0.00738171909834036,2
volume_change,0.003434893898109156,0.34456836311074013,0.00996868623427631,52.45231607629428,0.003434893898109156,2
relative_strength_1d,0.002906448683015441,0.3504919091972046,0.008292484381943679,50.2724795640327,0.002906448683015441,2
return_1d,0.002906448683015441,0.3504919091972046,0.008292484381943679,50.2724795640327,0.002906448683015441,2
price_ma20_ratio,0.0022789199900916483,0.35230133699086763,0.0064686668792026825,47.68392370572207,0.0022789199900916483,2
rsi_14,0.001965155643629757,0.3425484318775219,0.005736869478160093,49.863760217983646,0.001965155643629757,2
beta_60,0.05888861365700602,0.37215934479349067,0.1582349455437778,58.855585831062676,0.05888861365700602,3
price_ma200_ratio,0.0497894476096111,0.35467028547145824,0.14038234847733772,55.313351498637594,0.0497894476096111,3
return_60d,0.04689951283956733,0.3301466197092046,0.14205661981599793,53.269754768392374,0.04689951283956733,3
volatility_60,0.04217653372966724,0.3490958394022129,0.12081648925375271,56.403269754768395,0.04217653372966724,3
macd,-0.040095780695235735,0.3170898311130947,-0.12644927954480822,43.46049046321526,0.040095780695235735,3
macd_hist,-0.03832879200726612,0.3293750471336337,-0.11636823232609786,42.915531335149865,0.03832879200726612,3
macd_signal,-0.03246635290232021,0.3178278382382153,-0.10215075269141885,44.550408719346045,0.03246635290232021,3
price_ma50_ratio,0.031492032036991156,0.3180552104112456,0.0990143566466713,52.31607629427793,0.031492032036991156,3
return_20d,0.023086450334406747,0.33045061519257124,0.06986354170033256,52.45231607629428,0.023086450334406747,3
momentum_20,0.023086450334406747,0.33045061519257124,0.06986354170033256,52.45231607629428,0.023086450334406747,3
relative_strength_20d,0.023086450334406747,0.33045061519257124,0.06986354170033256,52.45231607629428,0.023086450334406747,3
volume_ratio_20,-0.015374452976632813,0.36202950242913323,-0.04246740354991467,48.228882833787466,0.015374452976632813,3
momentum_5,-0.01506068863017092,0.33772269546431766,-0.04459483722130297,48.36512261580381,0.01506068863017092,3
return_5d,-0.01506068863017092,0.33772269546431766,-0.04459483722130297,48.36512261580381,0.01506068863017092,3
volatility_10,0.009462472132771856,0.3158148776734895,0.029962084758257627,51.90735694822888,0.009462472132771856,3
rsi_14,0.008818429526876394,0.31887722407280045,0.027654623350782573,50.0,0.008818429526876394,3
volatility_20,-0.007183552142680199,0.32120726953076123,-0.022364226541866133,49.72752043596731,0.007183552142680199,3
price_ma20_ratio,0.004722979109900094,0.3320714123645964,0.014222781407977747,47.956403269754766,0.004722979109900094,3
return_1d,-0.002229378251176618,0.3549667726231542,-0.006280526581972245,49.59128065395095,0.002229378251176618,3
relative_strength_1d,-0.002229378251176618,0.3549667726231542,-0.006280526581972245,49.59128065395095,0.002229378251176618,3
return_10d,-0.001354140863677651,0.34070438505696904,-0.003974533123344525,46.45776566757493,0.001354140863677651,3
momentum_10,-0.001354140863677651,0.34070438505696904,-0.003974533123344525,46.45776566757493,0.001354140863677651,3
volume_change,-0.00011559739080175212,0.34622254443029526,-0.00033388175513517223,52.31607629427793,0.00011559739080175212,3
beta_60,0.07402538343875316,0.3607938921758959,0.2051736047756151,59.89085948158254,0.07402538343875316,4
price_ma200_ratio,0.04806316920914463,0.3562100782025662,0.13492927951862305,55.25238744884038,0.04806316920914463,4
return_60d,0.042523461077349195,0.33342994908252144,0.12753341802186147,53.206002728512956,0.042523461077349195,4
momentum_20,0.030699904915457436,0.34438795384911464,0.08914337616148986,53.47885402455662,0.030699904915457436,4
relative_strength_20d,0.030699904915457436,0.34438795384911464,0.08914337616148986,53.47885402455662,0.030699904915457436,4
return_20d,0.030699904915457436,0.34438795384911464,0.08914337616148986,53.47885402455662,0.030699904915457436,4
price_ma50_ratio,0.028335193683079084,0.3260351080814968,0.08690841256272415,52.251023192360165,0.028335193683079084,4
macd_hist,-0.023490016123031126,0.3346390676745898,-0.07019507998950476,44.2019099590723,0.023490016123031126,4
rsi_14,0.02142296084997312,0.32914516235581015,0.06508666479142909,51.705320600272856,0.02142296084997312,4
price_ma20_ratio,0.016313200214973754,0.3460920841362202,0.047135432917191356,50.34106412005457,0.016313200214973754,4
volatility_60,0.014179999173177887,0.37645617256522457,0.03766706513683494,51.9781718963165,0.014179999173177887,4
volume_ratio_20,-0.010790028525362764,0.36464352692740404,-0.029590621328953202,48.84038199181446,0.010790028525362764,4
volatility_10,0.009814378436479396,0.32476723076569014,0.030219731262111776,51.4324693042292,0.009814378436479396,4
volatility_20,-0.009169457191285297,0.33514172682914123,-0.02735993896683591,48.97680763983629,0.009169457191285297,4
macd_signal,0.005531439910703207,0.34272681753697687,0.016139501281093708,48.567530695770806,0.005531439910703207,4
return_5d,-0.0055149034685187445,0.34230633480062816,-0.016111017845260818,49.5225102319236,0.0055149034685187445,4
momentum_5,-0.0055149034685187445,0.34230633480062816,-0.016111017845260818,49.5225102319236,0.0055149034685187445,4
momentum_10,0.0040762329984703844,0.34566171954408526,0.011792549675002432,48.294679399727144,0.0040762329984703844,4
return_10d,0.0040762329984703844,0.34566171954408526,0.011792549675002432,48.294679399727144,0.0040762329984703844,4
macd,-0.0020422506097812947,0.34115775502259926,-0.0059862353404395285,47.47612551159618,0.0020422506097812947,4
volume_change,-0.0018272768613832703,0.3501038275390852,-0.005219242743580903,52.251023192360165,0.0018272768613832703,4
return_1d,-0.0008020174459465061,0.3608314965961189,-0.002222692457593882,50.068212824010914,0.0008020174459465061,4
relative_strength_1d,-0.0008020174459465061,0.3608314965961189,-0.002222692457593882,50.068212824010914,0.0008020174459465061,4
beta_60,0.08306498224754356,0.36569911424629725,0.22714023362823774,60.49046321525886,0.08306498224754356,5
volatility_60,0.04163157460160184,0.3819765867211948,0.10898985971616314,55.177111716621255,0.04163157460160184,5
volatility_10,0.0323837833374618,0.34061966628714474,0.09507314621746486,53.67847411444142,0.0323837833374618,5
return_60d,0.02686813640492115,0.33890134436700975,0.07928011160623953,50.13623978201635,0.02686813640492115,5
volatility_20,0.022475435554454627,0.3431475958601364,0.06549786688179332,52.86103542234333,0.022475435554454627,5
macd_hist,-0.021385517298323834,0.344752767209328,-0.062031459446818336,45.36784741144414,0.021385517298323834,5
return_20d,0.019915779043844437,0.34654039416749377,0.05747029604352132,51.90735694822888,0.019915779043844437,5
momentum_20,0.019915779043844437,0.34654039416749377,0.05747029604352132,51.90735694822888,0.019915779043844437,5
relative_strength_20d,0.019915779043844437,0.34654039416749377,0.05747029604352132,51.90735694822888,0.019915779043844437,5
price_ma200_ratio,0.018049706878044743,0.36387989497222606,0.04960347391389246,50.95367847411444,0.018049706878044743,5
macd_signal,0.01482949384856741,0.34215693389961843,0.04334120510010786,49.72752043596731,0.01482949384856741,5
price_ma20_ratio,0.011675336470976799,0.350337811412374,0.03332593882432532,49.72752043596731,0.011675336470976799,5
volume_ratio_20,-0.009776236479233754,0.36327018056076027,-0.02691175054374877,48.36512261580381,0.009776236479233754,5
rsi_14,0.00903311039550822,0.33242487861256004,0.027173388565890935,49.72752043596731,0.00903311039550822,5
volume_change,-0.008950540830649821,0.3514456563961434,-0.025467780488261118,51.36239782016349,0.008950540830649821,5
price_ma50_ratio,0.008389067789612752,0.3351045404899219,0.0250341812061035,48.91008174386921,0.008389067789612752,5
momentum_5,-0.006324828668152914,0.34473210524946823,-0.018347083349187623,49.863760217983646,0.006324828668152914,5
return_5d,-0.006324828668152914,0.34473210524946823,-0.018347083349187623,49.863760217983646,0.006324828668152914,5
macd,0.005119313021220382,0.3409673296194301,0.015014086619191026,48.50136239782017,0.005119313021220382,5
relative_strength_1d,0.0016183634712245026,0.3674965410920804,0.004403751573865843,50.817438692098094,0.0016183634712245026,5
return_1d,0.0016183634712245026,0.3674965410920804,0.004403751573865843,50.817438692098094,0.0016183634712245026,5
return_10d,-0.00011559739080174699,0.352651601364008,-0.0003277948841140438,49.04632152588556,0.00011559739080174699,5
momentum_10,-0.00011559739080174699,0.352651601364008,-0.0003277948841140438,49.04632152588556,0.00011559739080174699,5
beta_60,0.10491032776747063,0.3773248120387514,0.2780371828733497,61.904761904761905,0.10491032776747063,6
return_60d,0.06717790146361574,0.3538500074654638,0.18984852351648568,53.06122448979592,0.06717790146361574,6
volatility_60,0.057563388991960424,0.3953630991762497,0.14559626103674164,56.4625850340136,0.057563388991960424,6
macd_signal,0.05355596784168213,0.3255338723891255,0.16451734330633414,54.82993197278911,0.05355596784168213,6
price_ma200_ratio,0.053522984951556385,0.3786943047013429,0.1413355951940372,54.01360544217687,0.053522984951556385,6
macd_hist,-0.048262213976499685,0.33305518365137565,-0.14490755990460125,42.44897959183673,0.048262213976499685,6
volatility_10,0.044337250051535756,0.3530225701157763,0.1255932447520141,54.421768707483,0.044337250051535756,6
macd,0.038548752834467126,0.3290842027759171,0.11713948135248559,52.925170068027214,0.038548752834467126,6
price_ma50_ratio,0.03810348381776953,0.35252804698447604,0.10808638956164376,51.83673469387755,0.03810348381776953,6
volatility_20,0.03597608740465884,0.3565188441984132,0.1009093572193819,53.333333333333336,0.03597608740465884,6
relative_strength_20d,0.02954442383013812,0.34518373312960393,0.085590429080403,53.87755102040816,0.02954442383013812,6
return_20d,0.02954442383013812,0.34518373312960393,0.085590429080403,53.87755102040816,0.02954442383013812,6
momentum_20,0.02954442383013812,0.34518373312960393,0.085590429080403,53.87755102040816,0.02954442383013812,6
price_ma20_ratio,0.013003504432075862,0.3473955197309961,0.03743141086604991,49.65986394557823,0.013003504432075862,6
rsi_14,0.011964543393114813,0.32563301659688765,0.036742414875964906,50.61224489795918,0.011964543393114813,6
volume_change,-0.007759224902082045,0.34974500585320994,-0.022185377266941267,51.156462585034014,0.007759224902082045,6
momentum_5,-0.007313955885384457,0.3488365656784266,-0.020966712222843045,50.204081632653065,0.007313955885384457,6
return_5d,-0.007313955885384457,0.3488365656784266,-0.020966712222843045,50.204081632653065,0.007313955885384457,6
volume_ratio_20,-0.006258503401360544,0.3613729143339114,-0.01731868425417639,48.57142857142857,0.006258503401360544,6
momentum_10,0.005137085137085132,0.3524977038130137,0.01457338610015501,50.476190476190474,0.005137085137085132,6
return_10d,0.005137085137085132,0.3524977038130137,0.01457338610015501,50.476190476190474,0.005137085137085132,6
return_1d,0.004724799010513293,0.36419632483074577,0.012973219904701306,50.884353741496604,0.004724799010513293,6
relative_strength_1d,0.004724799010513293,0.36419632483074577,0.012973219904701306,50.884353741496604,0.004724799010513293,6
beta_60,0.10911564625850338,0.3640928923360224,0.29969177799219504,61.904761904761905,0.10911564625850338,7
price_ma200_ratio,0.09099154813440527,0.3833677296145979,0.23734795890587784,58.23129251700681,0.09099154813440527,7
return_60d,0.08355390641104929,0.3610258777170553,0.2314346742660162,55.51020408163265,0.08355390641104929,7
volatility_60,0.0680684394970109,0.3876251054220278,0.1756037948648894,59.183673469387756,0.0680684394970109,7
price_ma50_ratio,0.067276850133993,0.367514927067195,0.18305882340853152,54.82993197278911,0.067276850133993,7
momentum_20,0.06552875695732836,0.3583868247161655,0.1828436550624474,57.55102040816327,0.06552875695732836,7
return_20d,0.06552875695732836,0.3583868247161655,0.1828436550624474,57.55102040816327,0.06552875695732836,7
relative_strength_20d,0.06552875695732836,0.3583868247161655,0.1828436550624474,57.55102040816327,0.06552875695732836,7
macd_signal,0.06541331684188827,0.3304076321048664,0.19797762062931726,57.006802721088434,0.06541331684188827,7
volatility_10,0.06127396413110698,0.35625220012207887,0.17199603008798234,56.326530612244895,0.06127396413110698,7
volatility_20,0.05634302205730776,0.3559113498946033,0.1583063368841503,55.91836734693878,0.05634302205730776,7
macd,0.05365491651205935,0.3323496140131085,0.16144118798327567,55.51020408163265,0.05365491651205935,7
price_ma20_ratio,0.04961451247165532,0.36034771016356454,0.13768510544755486,53.605442176870746,0.04961451247165532,7
rsi_14,0.04103896103896103,0.3331984624423596,0.1231667179318404,53.06122448979592,0.04103896103896103,7
return_10d,0.03925788497217069,0.36266455476119436,0.10824847495234553,54.5578231292517,0.03925788497217069,7
momentum_10,0.03925788497217069,0.36266455476119436,0.10824847495234553,54.5578231292517,0.03925788497217069,7
macd_hist,-0.019451659451659453,0.3271231300381787,-0.05946280670947737,46.53061224489796,0.019451659451659453,7
momentum_5,0.019006390434961863,0.35829076651262426,0.053047391145348365,53.46938775510204,0.019006390434961863,7
return_5d,0.019006390434961863,0.35829076651262426,0.053047391145348365,53.46938775510204,0.019006390434961863,7
return_1d,0.011733663162234585,0.36691146134337776,0.03197954928765095,52.10884353741496,0.011733663162234585,7
relative_strength_1d,0.011733663162234585,0.36691146134337776,0.03197954928765095,52.10884353741496,0.011733663162234585,7
volume_ratio_20,0.007676767676767673,0.35420260626350675,0.02167337998370512,49.38775510204081,0.007676767676767673,7
volume_change,-0.0067862296433725,0.34925956427448945,-0.019430333017420472,51.42857142857142,0.0067862296433725,7
price_ma200_ratio,0.10425066996495568,0.39199434704866887,0.26594942184717835,58.63945578231292,0.10425066996495568,8
return_60d,0.10027623170480311,0.36706965240366585,0.27318039246276216,57.95918367346938,0.10027623170480311,8
beta_60,0.079150690579262,0.3670293747750454,0.2156521957616443,58.50340136054422,0.079150690579262,8
macd_signal,0.07697381983096269,0.3365301215840806,0.22872787573557843,58.63945578231292,0.07697381983096269,8
price_ma50_ratio,0.06998144712430426,0.3650060990507038,0.19172678841890525,54.82993197278911,0.06998144712430426,8
momentum_20,0.06404452690166974,0.35605242218613586,0.17987386943877823,56.734693877551024,0.06404452690166974,8
return_20d,0.06404452690166974,0.35605242218613586,0.17987386943877823,56.734693877551024,0.06404452690166974,8
relative_strength_20d,0.06404452690166974,0.35605242218613586,0.17987386943877823,56.734693877551024,0.06404452690166974,8
macd,0.06366522366522366,0.33664352991921714,0.18911762148080233,57.14285714285714,0.06366522366522366,8
volatility_60,0.05866831581117295,0.3889113305455099,0.15085267824128784,56.19047619047619,0.05866831581117295,8
price_ma20_ratio,0.04463409606266749,0.36648201784614043,0.12179068518828705,52.925170068027214,0.04463409606266749,8
rsi_14,0.0381859410430839,0.34057649807164225,0.11212148007655907,52.51700680272109,0.0381859410430839,8
momentum_10,0.031721294578437434,0.3716250005911065,0.08535834383580643,52.6530612244898,0.031721294578437434,8
return_10d,0.031721294578437434,0.3716250005911065,0.08535834383580643,52.6530612244898,0.031721294578437434,8
volatility_10,0.03158936301793444,0.3524715782863483,0.08962244040077243,52.244897959183675,0.03158936301793444,8
volatility_20,0.03155638012780868,0.35659158506951855,0.08849446102789182,52.38095238095239,0.03155638012780868,8
macd_hist,-0.01933621933621934,0.3304019348439774,-0.05852332355544558,46.802721088435376,0.01933621933621934,8
momentum_5,0.013448773448773446,0.3655472138200851,0.036790797304209956,52.6530612244898,0.013448773448773446,8
return_5d,0.013448773448773446,0.3655472138200851,0.036790797304209956,52.6530612244898,0.013448773448773446,8
volume_ratio_20,0.008072562358276641,0.3517075001141169,0.0229524885186053,49.523809523809526,0.008072562358276641,8
volume_change,-0.00802308802308802,0.3558609818053879,-0.02254556816649166,51.156462585034014,0.00802308802308802,8
return_1d,0.006901669758812615,0.37580324226872486,0.018365114992481762,51.70068027210885,0.006901669758812615,8
relative_strength_1d,0.006901669758812615,0.37580324226872486,0.018365114992481762,51.70068027210885,0.006901669758812615,8
price_ma200_ratio,0.15615942028985505,0.41041663103232123,0.38048999110261966,63.17934782608695,0.15615942028985505,9
return_60d,0.14929183135704874,0.3836989375156293,0.38908586071069745,62.5,0.14929183135704874,9
price_ma50_ratio,0.11653491436100129,0.3786677955802776,0.30774973663239835,59.2391304347826,0.11653491436100129,9
macd_signal,0.11192358366271407,0.32528183599462734,0.34408187386326333,63.45108695652174,0.11192358366271407,9
relative_strength_20d,0.0948945981554677,0.3604207244834114,0.26328840632424644,59.91847826086957,0.0948945981554677,9
momentum_20,0.0948945981554677,0.3604207244834114,0.26328840632424644,59.91847826086957,0.0948945981554677,9
return_20d,0.0948945981554677,0.3604207244834114,0.26328840632424644,59.91847826086957,0.0948945981554677,9
macd,0.0931159420289855,0.3294680724275082,0.28262508516503826,61.41304347826087,0.0931159420289855,9
volatility_60,0.06457509881422924,0.3792571715781091,0.17026731108479462,57.33695652173913,0.06457509881422924,9
beta_60,0.06376811594202897,0.3664722547357059,0.1740053035884464,56.52173913043478,0.06376811594202897,9
price_ma20_ratio,0.062170619235836624,0.3690383440176742,0.1684665570493106,55.70652173913043,0.062170619235836624,9
rsi_14,0.0589262187088274,0.3432626529397254,0.17166510310451527,56.1141304347826,0.0589262187088274,9
volatility_10,0.049835309617918294,0.3559326528971268,0.14001331210351728,54.483695652173914,0.049835309617918294,9
return_10d,0.046590909090909086,0.3750517789380769,0.12422527156870651,54.891304347826086,0.046590909090909086,9
momentum_10,0.046590909090909086,0.3750517789380769,0.12422527156870651,54.891304347826086,0.046590909090909086,9
volatility_20,0.04632740447957839,0.35698071328770237,0.12977565105104608,54.07608695652174,0.04632740447957839,9
macd_hist,-0.027700922266139662,0.33564382252918684,-0.082530707871827,45.65217391304348,0.027700922266139662,9
momentum_5,0.016749011857707507,0.36441796466631926,0.04596099391818898,53.66847826086957,0.016749011857707507,9
return_5d,0.016749011857707507,0.36441796466631926,0.04596099391818898,53.66847826086957,0.016749011857707507,9
volume_ratio_20,0.013982213438735175,0.3550660929308441,0.039379185219633114,50.40760869565217,0.013982213438735175,9
volume_change,-0.012549407114624503,0.3564125692699259,-0.035210338233386825,49.59239130434783,0.012549407114624503,9
return_1d,0.009914361001317519,0.3823282521953191,0.025931541664497747,52.309782608695656,0.009914361001317519,9
relative_strength_1d,0.009914361001317519,0.3823282521953191,0.025931541664497747,52.309782608695656,0.009914361001317519,9
return_60d,0.14533119526335264,0.38776868024967487,0.37478837942707854,62.68656716417911,0.14533119526335264,10
price_ma200_ratio,0.14223921713745322,0.4064189299516323,0.3499817716521743,62.822252374491185,0.14223921713745322,10
price_ma50_ratio,0.12057892356399816,0.38522235499404,0.31301123104827006,59.972862957937586,0.12057892356399816,10
momentum_20,0.10179680111837505,0.36978372373184626,0.2752874033801293,59.56580732700135,0.10179680111837505,10
relative_strength_20d,0.10179680111837505,0.36978372373184626,0.2752874033801293,59.56580732700135,0.10179680111837505,10
return_20d,0.10179680111837505,0.36978372373184626,0.2752874033801293,59.56580732700135,0.10179680111837505,10
macd_signal,0.09433000287817112,0.3429459854934387,0.2750579008599471,60.92265943012212,0.09433000287817112,10
macd,0.08163315653139261,0.3461468200448331,0.23583390574213406,59.972862957937586,0.08163315653139261,10
price_ma20_ratio,0.0717158011594918,0.3758338350849065,0.19081784146254457,56.852103120759836,0.0717158011594918,10
rsi_14,0.06946260433370337,0.3463798447957216,0.20053881707427035,57.6662143826323,0.06946260433370337,10
return_10d,0.05674931129476583,0.3772452478109894,0.15043081821192048,55.76662143826323,0.05674931129476583,10
momentum_10,0.05674931129476583,0.3772452478109894,0.15043081821192048,55.76662143826323,0.05674931129476583,10
volatility_10,0.04873977221331359,0.3685249798331528,0.1322563594885215,54.95251017639078,0.04873977221331359,10
volatility_60,0.048525965215246075,0.38258759332053194,0.1268362227694901,56.03799185888738,0.048525965215246075,10
volatility_20,0.043575510875375194,0.3706432282505115,0.11756726564534249,54.00271370420624,0.043575510875375194,10
beta_60,0.0317996792895029,0.3706659594095909,0.08579066537470688,52.78154681139756,0.0317996792895029,10
return_5d,0.02395460712964104,0.36204687592205875,0.06616438014727677,53.86702849389417,0.02395460712964104,10
momentum_5,0.02395460712964104,0.36204687592205875,0.06616438014727677,53.86702849389417,0.02395460712964104,10
volume_ratio_20,0.018560092101476088,0.3484528490278358,0.05326428569391159,50.88195386702849,0.018560092101476088,10
macd_hist,-0.01073146663377328,0.3388236791526112,-0.031672717386849666,47.4898236092266,0.01073146663377328,10
volume_change,-0.010682126557296164,0.3584232887005491,-0.02980310402268735,50.20352781546812,0.010682126557296164,10
return_1d,0.010534106327864808,0.38463409801889115,0.027387343925362097,52.645861601085485,0.010534106327864808,10
relative_strength_1d,0.010534106327864808,0.38463409801889115,0.027387343925362097,52.645861601085485,0.010534106327864808,10
return_60d,0.1417490118577075,0.4036470274761406,0.3511707066047606,63.45108695652174,0.1417490118577075,11
price_ma50_ratio,0.12325428194993411,0.3956384990038544,0.3115325790090346,60.190217391304344,0.12325428194993411,11
price_ma200_ratio,0.10685111989459815,0.41774878186815595,0.2557784116491356,59.10326086956522,0.10685111989459815,11
momentum_20,0.10344202898550724,0.37264566823073286,0.27758816968578987,60.190217391304344,0.10344202898550724,11
relative_strength_20d,0.10344202898550724,0.37264566823073286,0.27758816968578987,60.190217391304344,0.10344202898550724,11
return_20d,0.10344202898550724,0.37264566823073286,0.27758816968578987,60.190217391304344,0.10344202898550724,11
macd_signal,0.08642951251646902,0.35878951630130745,0.24089196754535736,58.559782608695656,0.08642951251646902,11
macd,0.07870553359683793,0.3561207720588555,0.22100798316766088,58.83152173913043,0.07870553359683793,11
price_ma20_ratio,0.07437417654808959,0.3809021121348954,0.19525797883144894,57.608695652173914,0.07437417654808959,11
rsi_14,0.0676383399209486,0.34947260059796453,0.1935440426666243,57.608695652173914,0.0676383399209486,11
return_10d,0.05970026350461133,0.38308308505064015,0.15584155457221371,56.52173913043478,0.05970026350461133,11
momentum_10,0.05970026350461133,0.38308308505064015,0.15584155457221371,56.52173913043478,0.05970026350461133,11
volatility_60,0.04433465085638998,0.37554757496632085,0.11805335411995649,54.891304347826086,0.04433465085638998,11
volatility_20,0.043000658761528324,0.3749156581304436,0.11469421943045974,53.2608695652174,0.043000658761528324,11
volatility_10,0.042901844532279305,0.3738912314980817,0.11474418472020097,53.39673913043478,0.042901844532279305,11
beta_60,0.03306982872200262,0.37562845539538375,0.08803866759027497,53.2608695652174,0.03306982872200262,11
return_5d,0.03274044795783926,0.36968466555770696,0.08856317561467408,54.75543478260869,0.03274044795783926,11
momentum_5,0.03274044795783926,0.36968466555770696,0.08856317561467408,54.75543478260869,0.03274044795783926,11
return_1d,0.011067193675889327,0.39412777882339545,0.02808021730650054,52.71739130434783,0.011067193675889327,11
relative_strength_1d,0.011067193675889327,0.39412777882339545,0.02808021730650054,52.71739130434783,0.011067193675889327,11
macd_hist,-0.008020421607378134,0.3436031237715849,-0.023342109115136636,48.09782608695652,0.008020421607378134,11
volume_ratio_20,0.006258234519104085,0.34562984680035136,0.018106753733913128,49.72826086956522,0.006258234519104085,11
volume_change,-0.004594861660079052,0.35714350088442265,-0.012865589458300188,50.95108695652174,0.004594861660079052,11
return_60d,0.16004611330698285,0.40864857507340535,0.39164730545856874,64.80978260869566,0.16004611330698285,12
price_ma50_ratio,0.13069828722002633,0.3963901295625003,0.3297213464025437,61.684782608695656,0.13069828722002633,12
return_20d,0.09957180500658759,0.3809371849315348,0.2613864147299862,60.05434782608695,0.09957180500658759,12
relative_strength_20d,0.09957180500658759,0.3809371849315348,0.2613864147299862,60.05434782608695,0.09957180500658759,12
momentum_20,0.09957180500658759,0.3809371849315348,0.2613864147299862,60.05434782608695,0.09957180500658759,12
price_ma200_ratio,0.0973155467720685,0.42800379878709555,0.22737075476397053,58.559782608695656,0.0973155467720685,12
price_ma20_ratio,0.08064888010540183,0.3850997255322537,0.2094233642829412,59.375,0.08064888010540183,12
rsi_14,0.06925230566534914,0.3528729339456376,0.19625281228289929,58.28804347826087,0.06925230566534914,12
momentum_10,0.06650197628458497,0.3881430413316524,0.17133368166650126,58.016304347826086,0.06650197628458497,12
return_10d,0.06650197628458497,0.3881430413316524,0.17133368166650126,58.016304347826086,0.06650197628458497,12
volatility_20,0.06118247694334649,0.3711783899552658,0.16483307918524073,55.84239130434783,0.06118247694334649,12
macd_signal,0.05713109354413702,0.36618839505157874,0.15601557645236117,55.434782608695656,0.05713109354413702,12
macd,0.054891304347826075,0.35902926377134187,0.1528881065883955,56.3858695652174,0.054891304347826075,12
volatility_10,0.053689064558629755,0.3731442565715787,0.14388286463771635,54.891304347826086,0.053689064558629755,12
volatility_60,0.045948616600790505,0.3704785482835168,0.124025039543254,55.70652173913043,0.045948616600790505,12
momentum_5,0.03945981554677207,0.37242508615349174,0.10595369918370388,55.70652173913043,0.03945981554677207,12
return_5d,0.03945981554677207,0.37242508615349174,0.10595369918370388,55.70652173913043,0.03945981554677207,12
beta_60,0.03878458498023714,0.4030442405268283,0.09622910112681655,53.80434782608695,0.03878458498023714,12
return_1d,0.016386693017127793,0.3986393547741735,0.04110656115829493,54.21195652173913,0.016386693017127793,12
relative_strength_1d,0.016386693017127793,0.3986393547741735,0.04110656115829493,54.21195652173913,0.016386693017127793,12
volume_change,-0.0023550724637681174,0.3581411812162191,-0.006575821456137711,51.49456521739131,0.0023550724637681174,12
macd_hist,0.0019598155467720675,0.35604436691826974,0.005504413856439259,50.40760869565217,0.0019598155467720675,12
volume_ratio_20,-0.0015480895915678528,0.349082203608103,-0.00443474223425556,48.233695652173914,0.0015480895915678528,12
return_60d,0.17154150197628457,0.4132190880564503,0.4151345059666026,66.30434782608695,0.17154150197628457,13
price_ma50_ratio,0.1235177865612648,0.4039534937403317,0.3057722942747072,60.46195652173913,0.1235177865612648,13
return_20d,0.08796113306982871,0.3882824806150238,0.2265390211026308,59.2391304347826,0.08796113306982871,13
relative_strength_20d,0.08796113306982871,0.3882824806150238,0.2265390211026308,59.2391304347826,0.08796113306982871,13
momentum_20,0.08796113306982871,0.3882824806150238,0.2265390211026308,59.2391304347826,0.08796113306982871,13
price_ma200_ratio,0.08596837944664033,0.4447683946853275,0.1932879684660659,57.74456521739131,0.08596837944664033,13
volatility_20,0.08000658761528326,0.37463169374941324,0.2135606488990724,59.2391304347826,0.08000658761528326,13
volatility_60,0.07139328063241106,0.35964860392047404,0.19850843254822598,59.2391304347826,0.07139328063241106,13
price_ma20_ratio,0.06553030303030304,0.3933876303366434,0.16657947016337335,57.20108695652174,0.06553030303030304,13
beta_60,0.06366930171277996,0.39048162829877253,0.1630532580755992,55.97826086956522,0.06366930171277996,13
return_10d,0.057789855072463765,0.39279208038291197,0.14712581530698768,57.33695652173913,0.057789855072463765,13
momentum_10,0.057789855072463765,0.39279208038291197,0.14712581530698768,57.33695652173913,0.057789855072463765,13
rsi_14,0.05762516469038208,0.3619098676833479,0.15922518238933753,58.152173913043484,0.05762516469038208,13
macd_signal,0.05736166007905137,0.3724372410537482,0.15401698261096622,55.16304347826087,0.05736166007905137,13
volatility_10,0.056933465085638985,0.3805146201637992,0.14962228011404916,56.1141304347826,0.056933465085638985,13
macd,0.05243741765480896,0.3667606426757237,0.1429744949519357,55.97826086956522,0.05243741765480896,13
return_5d,0.038718708827404476,0.3752894633812138,0.10317025284580013,55.97826086956522,0.038718708827404476,13
momentum_5,0.038718708827404476,0.3752894633812138,0.10317025284580013,55.97826086956522,0.038718708827404476,13
volume_ratio_20,-0.01688076416337286,0.35196170652516057,-0.04796193406956933,46.33152173913043,0.01688076416337286,13
macd_hist,-0.009848484848484846,0.35616094850535146,-0.027651781841368465,48.505434782608695,0.009848484848484846,13
volume_change,-0.007345191040843215,0.3641921770772935,-0.020168448152263097,50.67934782608695,0.007345191040843215,13
return_1d,0.007032279314888006,0.40506905224908446,0.01736069264201336,53.39673913043478,0.007032279314888006,13
relative_strength_1d,0.007032279314888006,0.40506905224908446,0.01736069264201336,53.39673913043478,0.007032279314888006,13
return_60d,0.1707084412647506,0.4119625745902703,0.41437851832665573,66.21438263229308,0.1707084412647506,14
price_ma50_ratio,0.11189507010402532,0.4054689626152642,0.2759645753951302,58.88738127544097,0.11189507010402532,14
price_ma200_ratio,0.10034949220837956,0.44279564378259983,0.22662709901827383,58.61601085481682,0.10034949220837956,14
beta_60,0.08211011060400476,0.39890621680055177,0.20583813223712885,58.073270013568525,0.08211011060400476,14
relative_strength_20d,0.0756794539698203,0.38591620269698085,0.19610333393864618,58.88738127544097,0.0756794539698203,14
momentum_20,0.0756794539698203,0.38591620269698085,0.19610333393864618,58.88738127544097,0.0756794539698203,14
return_20d,0.0756794539698203,0.38591620269698085,0.19610333393864618,58.88738127544097,0.0756794539698203,14
volatility_20,0.07559722050902509,0.3836257414837213,0.19705982246301626,59.02306648575305,0.07559722050902509,14
rsi_14,0.07003823855926977,0.3651013469575247,0.19183232037601303,60.24423337856174,0.07003823855926977,14
price_ma20_ratio,0.06929813741211298,0.39208575361703185,0.1767422987773222,57.93758480325645,0.06929813741211298,14
return_10d,0.06577854529007852,0.39389430253217284,0.16699542203890042,57.53052917232022,0.06577854529007852,14
momentum_10,0.06577854529007852,0.39389430253217284,0.16699542203890042,57.53052917232022,0.06577854529007852,14
volatility_60,0.061535298713046346,0.3741865236421016,0.16445086828381625,58.88738127544097,0.061535298713046346,14
macd_signal,0.055894083302495776,0.3811543669441338,0.14664421596588512,55.76662143826323,0.055894083302495776,14
macd,0.05322971917273138,0.3735873075650796,0.14248267565529824,57.12347354138399,0.05322971917273138,14
volatility_10,0.05114098926853336,0.3896812687893857,0.13123799721606316,55.63093622795115,0.05114098926853336,14
return_5d,0.04768718391513506,0.3797066744353329,0.1255895329889877,57.12347354138399,0.04768718391513506,14
momentum_5,0.04768718391513506,0.3797066744353329,0.1255895329889877,57.12347354138399,0.04768718391513506,14
return_1d,0.01359319106944616,0.40215845283080104,0.03380058525131929,54.54545454545454,0.01359319106944616,14
relative_strength_1d,0.01359319106944616,0.40215845283080104,0.03380058525131929,54.54545454545454,0.01359319106944616,14
macd_hist,0.005534311911516795,0.3615863963691879,0.015305641935340227,51.28900949796472,0.005534311911516795,14
volume_ratio_20,-0.004580403766292504,0.3511819241662845,-0.01304282325226877,47.4898236092266,0.004580403766292504,14
volume_change,-0.001685785946301548,0.3584060597919218,-0.004703564295983883,51.153324287652644,0.001685785946301548,14
return_60d,0.15945890382796757,0.4287825158604728,0.3718876071893193,64.85753052917232,0.15945890382796757,15
price_ma200_ratio,0.11123720241766373,0.44382508352832933,0.2506329780492532,60.78697421981004,0.11123720241766373,15
price_ma50_ratio,0.10059619259076519,0.42085421887874225,0.23902859488679443,58.34464043419268,0.10059619259076519,15
momentum_20,0.08018584762139712,0.39124986340209766,0.20494792489930672,59.430122116689276,0.08018584762139712,15
relative_strength_20d,0.08018584762139712,0.39124986340209766,0.20494792489930672,59.430122116689276,0.08018584762139712,15
return_20d,0.08018584762139712,0.39124986340209766,0.20494792489930672,59.430122116689276,0.08018584762139712,15
rsi_14,0.06890341680029603,0.3667719727219466,0.18786445509709757,59.70149253731343,0.06890341680029603,15
volatility_20,0.06776859504132231,0.40373028782221476,0.16785610860873695,58.2089552238806,0.06776859504132231,15
volatility_60,0.06324575469758643,0.3922924163822367,0.16122094656033797,58.48032564450475,0.06324575469758643,15
price_ma20_ratio,0.061485958636569214,0.39188028958681276,0.15689984995519482,56.17367706919946,0.061485958636569214,15
macd_signal,0.057028905061469515,0.3869781370766541,0.14736983720135333,56.852103120759836,0.057028905061469515,15
macd,0.056288803914312735,0.3798516694386064,0.1481862749148992,57.53052917232022,0.056288803914312735,15
beta_60,0.05420007401011471,0.42057524804939894,0.1288712882212902,54.54545454545454,0.05420007401011471,15
return_10d,0.05074626865671641,0.3975060485235325,0.12766162639588668,55.359565807327,0.05074626865671641,15
momentum_10,0.05074626865671641,0.3975060485235325,0.12766162639588668,55.359565807327,0.05074626865671641,15
volatility_10,0.04941408659183421,0.40366526467294184,0.12241352158915766,54.409769335142464,0.04941408659183421,15
return_5d,0.03017145676575798,0.3872380023755204,0.07791450369196846,55.08819538670286,0.03017145676575798,15
momentum_5,0.03017145676575798,0.3872380023755204,0.07791450369196846,55.08819538670286,0.03017145676575798,15
macd_hist,0.013889231528308862,0.3651457939617851,0.03803749559213727,52.51017639077341,0.013889231528308862,15
volume_ratio_20,-0.012359689157518195,0.3393215751722539,-0.03642470759851889,46.54002713704206,0.012359689157518195,15
return_1d,0.011455121088771017,0.40006487886209846,0.02863315850507231,54.54545454545454,0.011455121088771017,15
relative_strength_1d,0.011455121088771017,0.40006487886209846,0.02863315850507231,54.54545454545454,0.011455121088771017,15
volume_change,-0.004350150076065949,0.3567959284920501,-0.012192263780731108,50.61058344640435,0.004350150076065949,15
return_60d,0.16286336910488877,0.42753194902365044,0.38093847600587016,65.40027137042063,0.16286336910488877,16
price_ma200_ratio,0.1250030837547798,0.43343470628209174,0.2884011869446934,63.09362279511534,0.1250030837547798,16
price_ma50_ratio,0.09788248838452364,0.4152794179353651,0.23570272004127654,59.2944369063772,0.09788248838452364,16
rsi_14,0.06390362238394802,0.35298116227854437,0.18103975286228,59.70149253731343,0.06390362238394802,16
momentum_20,0.06334443485054068,0.38896182249491107,0.16285514718187913,58.073270013568525,0.06334443485054068,16
relative_strength_20d,0.06334443485054068,0.38896182249491107,0.16285514718187913,58.073270013568525,0.06334443485054068,16
return_20d,0.06334443485054068,0.38896182249491107,0.16285514718187913,58.073270013568525,0.06334443485054068,16
price_ma20_ratio,0.049792360511492134,0.38409241614605477,0.1296364062875902,55.63093622795115,0.049792360511492134,16
momentum_10,0.048591751983882235,0.3927823772807321,0.12371163981512441,55.359565807327,0.048591751983882235,16
return_10d,0.048591751983882235,0.3927823772807321,0.12371163981512441,55.359565807327,0.048591751983882235,16
macd_hist,0.04249002919287857,0.35880685615137475,0.11842033802986396,55.76662143826323,0.04249002919287857,16
macd,0.04025327905924921,0.37422825078881566,0.10756344283041562,56.98778833107191,0.04025327905924921,16
volatility_60,0.037128407549031704,0.36622086493277956,0.10138255655053047,55.63093622795115,0.037128407549031704,16
macd_signal,0.03257267382097774,0.38082250924628674,0.0855324279162087,55.76662143826323,0.03257267382097774,16
volatility_20,0.029842522922577205,0.3993189335574748,0.07473355359515381,54.54545454545454,0.029842522922577205,16
momentum_5,0.028395214012581712,0.38191900664886724,0.07434878473772322,54.81682496607869,0.028395214012581712,16
return_5d,0.028395214012581712,0.38191900664886724,0.07434878473772322,54.81682496607869,0.028395214012581712,16
volume_ratio_20,-0.01657004235023231,0.33458352473580344,-0.049524382180253734,46.404341926729984,0.01657004235023231,16
return_1d,0.011339994243657744,0.40155385216388556,0.02824028254877647,54.409769335142464,0.011339994243657744,16
relative_strength_1d,0.011339994243657744,0.40155385216388556,0.02824028254877647,54.409769335142464,0.011339994243657744,16
volatility_10,0.01012293902388882,0.3923496400797065,0.02580081129125626,51.153324287652644,0.01012293902388882,16
beta_60,0.007507914970601531,0.4338976333810841,0.017303424570669346,50.3392130257802,0.007507914970601531,16
volume_change,0.0008470046461905346,0.3601985749452984,0.0023514936068782756,51.69606512890095,0.0008470046461905346,16
price_ma200_ratio,0.1331192358366271,0.4324776626247183,0.30780603795516964,63.45108695652174,0.1331192358366271,17
return_60d,0.1208333333333333,0.44183954637590467,0.27347785938231,61.95652173913043,0.1208333333333333,17
price_ma50_ratio,0.07618577075098815,0.41552045720484776,0.1833502284423731,57.20108695652174,0.07618577075098815,17
rsi_14,0.06213768115942027,0.35378569888688066,0.17563649789950428,59.91847826086957,0.06213768115942027,17
momentum_20,0.055797101449275355,0.3829344089752374,0.14570929156926063,58.42391304347826,0.055797101449275355,17
relative_strength_20d,0.055797101449275355,0.3829344089752374,0.14570929156926063,58.42391304347826,0.055797101449275355,17
return_20d,0.055797101449275355,0.3829344089752374,0.14570929156926063,58.42391304347826,0.055797101449275355,17
price_ma20_ratio,0.05163043478260869,0.384113458077697,0.1344145426223652,55.97826086956522,0.05163043478260869,17
macd_hist,0.04825428194993413,0.35132195906488684,0.13735060022542422,56.1141304347826,0.04825428194993413,17
return_10d,0.04807312252964426,0.39484092666719217,0.121753139765485,54.891304347826086,0.04807312252964426,17
momentum_10,0.04807312252964426,0.39484092666719217,0.121753139765485,54.891304347826086,0.04807312252964426,17
beta_60,-0.03302042160737812,0.4348764160086186,-0.07593058715495785,45.92391304347826,0.03302042160737812,17
return_5d,0.030401844532279315,0.38404202982459196,0.07916280555585312,55.57065217391305,0.030401844532279315,17
momentum_5,0.030401844532279315,0.38404202982459196,0.07916280555585312,55.57065217391305,0.030401844532279315,17
macd,0.026844532279314888,0.37672535655278144,0.07125756685176515,55.29891304347826,0.026844532279314888,17
volatility_10,-0.025131752305665344,0.3799488390264558,-0.06614509566619683,47.14673913043478,0.025131752305665344,17
volume_ratio_20,-0.02223320158102766,0.33309638014106346,-0.06674705252459391,45.92391304347826,0.02223320158102766,17
macd_signal,0.016814888010540183,0.3822571490047615,0.04398841997937554,53.39673913043478,0.016814888010540183,17
volatility_20,-0.012779973649538867,0.38911158092443915,-0.03284398171644392,49.72826086956522,0.012779973649538867,17
return_1d,0.004940711462450594,0.4019638372853293,0.012291432721455208,53.39673913043478,0.004940711462450594,17
relative_strength_1d,0.004940711462450594,0.4019638372853293,0.012291432721455208,53.39673913043478,0.004940711462450594,17
volatility_60,0.004463109354413702,0.35853167294990557,0.012448298689185244,51.766304347826086,0.004463109354413702,17
volume_change,0.0010210803689064587,0.36127779800346166,0.0028263025697933286,51.766304347826086,0.0010210803689064587,17
price_ma200_ratio,0.09288806431663574,0.4128870395352113,0.22497209992641143,61.63265306122449,0.09288806431663574,18
return_60d,0.08355390641104926,0.42451914633294174,0.19682011313930145,58.911564625850346,0.08355390641104926,18
rsi_14,0.059575345289630995,0.3572119684497498,0.16677869318931193,59.04761904761905,0.059575345289630995,18
volatility_10,-0.05504019789734074,0.373730157521916,-0.1472725622740603,43.12925170068027,0.05504019789734074,18
price_ma50_ratio,0.05355596784168212,0.3990914791880979,0.13419471633580124,56.054421768707485,0.05355596784168212,18
beta_60,-0.05342403628117914,0.43513154363247425,-0.12277674892331583,44.08163265306123,0.05342403628117914,18
volatility_20,-0.051494537208822896,0.38543696017011436,-0.13360041337523923,44.353741496598644,0.051494537208822896,18
macd_hist,0.05136260564831993,0.3519227294620453,0.14594853173261538,56.19047619047619,0.05136260564831993,18
price_ma20_ratio,0.050010307153164284,0.3858837588000465,0.12959940918134918,55.646258503401356,0.050010307153164284,18
momentum_20,0.04389198103483818,0.3761197013663598,0.11669684112634436,57.278911564625844,0.04389198103483818,18
return_20d,0.04389198103483818,0.3761197013663598,0.11669684112634436,57.278911564625844,0.04389198103483818,18
relative_strength_20d,0.04389198103483818,0.3761197013663598,0.11669684112634436,57.278911564625844,0.04389198103483818,18
momentum_10,0.0404947433518862,0.3933375420711554,0.10295163573417723,53.605442176870746,0.0404947433518862,18
return_10d,0.0404947433518862,0.3933375420711554,0.10295163573417723,53.605442176870746,0.0404947433518862,18
volatility_60,-0.03409606266749124,0.350963503373808,-0.09714988122618504,46.12244897959184,0.03409606266749124,18
momentum_5,0.033964131106988246,0.3834893621527527,0.08856603196586076,55.23809523809524,0.033964131106988246,18
return_5d,0.033964131106988246,0.3834893621527527,0.08856603196586076,55.23809523809524,0.033964131106988246,18
macd,0.031803751803751806,0.3868602278871919,0.08220992883513928,53.74149659863946,0.031803751803751806,18
volume_ratio_20,-0.02167800453514739,0.3281964632258403,-0.06605191391179072,45.85034013605443,0.02167800453514739,18
macd_signal,0.020342197485054638,0.389101381060299,0.052279941617329316,52.244897959183675,0.020342197485054638,18
return_1d,0.009176409826228813,0.4039397628574307,0.02271727289563122,53.605442176870746,0.009176409826228813,18
relative_strength_1d,0.009176409826228813,0.4039397628574307,0.02271727289563122,53.605442176870746,0.009176409826228813,18
volume_change,-0.0021191506905792598,0.3612580924534933,-0.005866029674759659,50.7482993197279,0.0021191506905792598,18
price_ma200_ratio,0.05748093176664604,0.42069476773214326,0.13663334126191035,58.77551020408164,0.05748093176664604,19
return_60d,0.05007627293341578,0.42212171038873153,0.11862993942505488,55.374149659863946,0.05007627293341578,19
macd_hist,0.04542568542568541,0.35562499478315235,0.12773479393197432,54.421768707483,0.04542568542568541,19
rsi_14,0.042176870748299324,0.3624881257204097,0.11635379962992419,57.41496598639456,0.042176870748299324,19
price_ma20_ratio,0.036141001855287555,0.3865765186760575,0.09348990460947501,54.421768707483,0.036141001855287555,19
volatility_10,-0.031622345908060186,0.38697548100324475,-0.08171666542303499,45.30612244897959,0.031622345908060186,19
price_ma50_ratio,0.0304844361987219,0.39368559124672853,0.07743345673938282,53.87755102040816,0.0304844361987219,19
momentum_5,0.027680890538033392,0.38525155888676205,0.07185146925302827,54.14965986394557,0.027680890538033392,19
return_5d,0.027680890538033392,0.38525155888676205,0.07185146925302827,54.14965986394557,0.027680890538033392,19
volume_ratio_20,-0.027631416202844768,0.33648156932614187,-0.08211866182798985,45.85034013605443,0.027631416202844768,19
volatility_20,-0.02738404452690167,0.4043332926698977,-0.06772641536906118,46.394557823129254,0.02738404452690167,19
return_10d,0.027235621521335802,0.39609186422707926,0.06876087085121656,52.7891156462585,0.027235621521335802,19
momentum_10,0.027235621521335802,0.39609186422707926,0.06876087085121656,52.7891156462585,0.027235621521335802,19
relative_strength_20d,0.025141207998350852,0.37652966265373494,0.06677085630162229,56.054421768707485,0.025141207998350852,19
return_20d,0.025141207998350852,0.37652966265373494,0.06677085630162229,56.054421768707485,0.025141207998350852,19
momentum_20,0.025141207998350852,0.37652966265373494,0.06677085630162229,56.054421768707485,0.025141207998350852,19
macd_signal,-0.021315192743764175,0.3831833512931439,-0.05562661496599724,47.074829931972786,0.021315192743764175,19
return_1d,0.005944086593905579,0.3988990125096867,0.014901231658880668,53.06122448979592,0.005944086593905579,19
relative_strength_1d,0.005944086593905579,0.3988990125096867,0.014901231658880668,53.06122448979592,0.005944086593905579,19
macd,-0.0036528550814265036,0.38322882580565787,-0.009531785803813544,49.38775510204081,0.0036528550814265036,19
beta_60,-0.0036198721913007527,0.45927132326969805,-0.007881772729744448,48.57142857142857,0.0036198721913007527,19
volume_change,-0.0020696763553906426,0.360590086465917,-0.005739692889716391,50.06802721088436,0.0020696763553906426,19
volatility_60,0.0008658008658008747,0.3821552576178683,0.0022655736079565396,48.843537414965986,0.0008658008658008747,19
macd_hist,0.060639088432003954,0.3505966049567513,0.17295971374133595,56.675749318801095,0.060639088432003954,20
rsi_14,0.044405911980843864,0.3633210372244303,0.12222224267573442,57.35694822888283,0.044405911980843864,20
price_ma20_ratio,0.04249029807612914,0.3873994460008211,0.10968084367379059,55.72207084468664,0.04249029807612914,20
return_60d,0.04070679547518784,0.41256873326866417,0.09866670009789527,55.449591280653955,0.04070679547518784,20
momentum_10,0.03728841549005035,0.3956863423625636,0.09423730742741515,54.63215258855586,0.03728841549005035,20
return_10d,0.03728841549005035,0.3956863423625636,0.09423730742741515,54.63215258855586,0.03728841549005035,20
return_5d,0.03709024853439022,0.3844751400312879,0.09646982255178288,55.177111716621255,0.03709024853439022,20
momentum_5,0.03709024853439022,0.3844751400312879,0.09646982255178288,55.177111716621255,0.03709024853439022,20
beta_60,0.03603335810420278,0.4786211676683511,0.07528575946555548,52.043596730245234,0.03603335810420278,20
price_ma200_ratio,0.035075551151845415,0.39176277200629883,0.08953262958656384,58.855585831062676,0.035075551151845415,20
price_ma50_ratio,0.03258195029312195,0.3951619072293232,0.08245215365410653,54.223433242506815,0.03258195029312195,20
momentum_20,0.03003880769548344,0.3830583436302633,0.07841836157595247,56.675749318801095,0.03003880769548344,20
return_20d,0.03003880769548344,0.3830583436302633,0.07841836157595247,56.675749318801095,0.03003880769548344,20
relative_strength_20d,0.03003880769548344,0.3830583436302633,0.07841836157595247,56.675749318801095,0.03003880769548344,20
volume_ratio_20,-0.028998431178267687,0.33741278968374705,-0.08594348544240889,45.64032697547684,0.028998431178267687,20
macd_signal,-0.019519445132524148,0.38576152816340015,-0.050599771380665355,46.59400544959128,0.019519445132524148,20
volatility_60,0.014812979935595745,0.3910566065843168,0.037879375226465783,50.54495912806539,0.014812979935595745,20
return_1d,0.011509116519493849,0.39229180075204073,0.02933815210369007,53.67847411444142,0.011509116519493849,20
relative_strength_1d,0.011509116519493849,0.39229180075204073,0.02933815210369007,53.67847411444142,0.011509116519493849,20
volatility_20,-0.010750557344562801,0.4040953847959201,-0.02660400922418885,49.59128065395095,0.010750557344562801,20
volatility_10,-0.009512013871686893,0.3893017969529442,-0.024433521617771087,49.4550408719346,0.009512013871686893,20
volume_change,-0.001965155643629754,0.3586506802775896,-0.005479302707884889,50.2724795640327,0.001965155643629754,20
macd,0.0009743208653290442,0.3848711260856733,0.0025315509511933555,48.77384196185286,0.0009743208653290442,20
macd_hist,0.06969283558642357,0.35335050046238486,0.1972342914336485,59.07230559345157,0.06969283558642357,21
macd_signal,-0.05528959444375541,0.3921743835842398,-0.14098216701060767,42.97407912687585,0.05528959444375541,21
beta_60,0.042688825499193846,0.4751927357982889,0.08983476026307463,53.61527967257844,0.042688825499193846,21
macd,-0.03151019058249616,0.3922812057391283,-0.0803255168014621,45.020463847203274,0.03151019058249616,21
price_ma20_ratio,0.02939352598288478,0.3862538598676079,0.07609898317381135,53.61527967257844,0.02939352598288478,21
rsi_14,0.029145479350117822,0.3659591638549401,0.07964134315726709,54.84311050477489,0.029145479350117822,21
return_5d,0.028632849642399434,0.38819407909754294,0.07375910964166137,54.43383356070941,0.028632849642399434,21
momentum_5,0.028632849642399434,0.38819407909754294,0.07375910964166137,54.43383356070941,0.028632849642399434,21
volatility_60,0.026929596097399647,0.38853315215986467,0.06931093510990609,51.15961800818554,0.026929596097399647,21
volume_ratio_20,-0.026235065525652152,0.33625790767259667,-0.07802066487369087,46.793997271487044,0.026235065525652152,21
momentum_10,0.021704080367109014,0.39951123627131985,0.05432658307604929,52.251023192360165,0.021704080367109014,21
return_10d,0.021704080367109014,0.39951123627131985,0.05432658307604929,52.251023192360165,0.021704080367109014,21
volatility_10,-0.01295630245152756,0.37105902559387294,-0.03491709285548638,48.97680763983629,0.01295630245152756,21
volatility_20,-0.011964115920459711,0.39508974586116535,-0.03028202084663545,48.567530695770806,0.011964115920459711,21
return_1d,0.007184001832865349,0.387761456593216,0.018526859002393783,52.796725784447474,0.007184001832865349,21
relative_strength_1d,0.007184001832865349,0.387761456593216,0.018526859002393783,52.796725784447474,0.007184001832865349,21
price_ma50_ratio,-0.005928314523130346,0.3818236785069155,-0.01552631451855591,50.34106412005457,0.005928314523130346,21
return_60d,0.004853445781140194,0.38564613736973236,0.012585231150615744,52.251023192360165,0.004853445781140194,21
volume_change,0.0028029269502666525,0.3501266048353955,0.008005466912702588,51.4324693042292,0.0028029269502666525,21
return_20d,0.0025052709909462972,0.373834997675984,0.006701542141642138,53.069577080491136,0.0025052709909462972,21
momentum_20,0.0025052709909462972,0.373834997675984,0.006701542141642138,53.069577080491136,0.0025052709909462972,21
relative_strength_20d,0.0025052709909462972,0.373834997675984,0.006701542141642138,53.069577080491136,0.0025052709909462972,21
price_ma200_ratio,0.0011492827318202506,0.36292049099375634,0.0031667617573018845,55.7980900409277,0.0011492827318202506,21
macd_signal,-0.07961583043550256,0.38281069664397155,-0.20797702659167933,40.84699453551913,0.07961583043550256,22
macd_hist,0.07259480046365291,0.34809697446751153,0.20854763410311772,59.83606557377049,0.07259480046365291,22
beta_60,0.0717337307501242,0.47213529345899363,0.15193469275423802,57.786885245901644,0.0717337307501242,22
macd,-0.05529061102831594,0.3835025043666446,-0.14417275089149295,43.30601092896175,0.05529061102831594,22
price_ma50_ratio,-0.036115250869349226,0.36042821792149576,-0.10020095284885665,47.26775956284153,0.036115250869349226,22
volatility_60,0.031909256499420426,0.38431134874853085,0.08302970131725107,50.68306010928961,0.031909256499420426,22
return_60d,-0.0243417784401391,0.3674174904642163,-0.06625100620382635,49.86338797814208,0.0243417784401391,22
volume_ratio_20,-0.023894684550422252,0.33576996915381035,-0.07116385247507502,48.08743169398907,0.023894684550422252,22
return_20d,-0.01980460341116079,0.35286137363568915,-0.05612573347744206,51.36612021857923,0.01980460341116079,22
relative_strength_20d,-0.01980460341116079,0.35286137363568915,-0.05612573347744206,51.36612021857923,0.01980460341116079,22
momentum_20,-0.01980460341116079,0.35286137363568915,-0.05612573347744206,51.36612021857923,0.01980460341116079,22
volatility_10,-0.01919191919191919,0.36270546924495023,-0.05291323351663628,48.63387978142077,0.01919191919191919,22
momentum_5,0.017403543633051834,0.3874043605630728,0.044923458289825795,53.00546448087432,0.017403543633051834,22
return_5d,0.017403543633051834,0.3874043605630728,0.044923458289825795,53.00546448087432,0.017403543633051834,22
volatility_20,-0.017254512336479542,0.3809578511277309,-0.04529244451952323,47.950819672131146,0.017254512336479542,22
rsi_14,0.011657559198542803,0.35741923125979025,0.03261592600222875,53.14207650273224,0.011657559198542803,22
price_ma200_ratio,0.007766186454711044,0.3588247226423726,0.02164339847466786,55.46448087431693,0.007766186454711044,22
price_ma20_ratio,0.007269415466136776,0.37221181431692374,0.019530318991828548,51.229508196721305,0.007269415466136776,22
return_1d,0.004999744176816523,0.3845693907748767,0.013000889557909007,51.91256830601093,0.004999744176816523,22
relative_strength_1d,0.004999744176816523,0.3845693907748767,0.013000889557909007,51.91256830601093,0.004999744176816523,22
volume_change,0.004454379864215931,0.3471664778823709,0.012830673892786363,51.36612021857923,0.004454379864215931,22
return_10d,0.0043881437324060305,0.39158652177573017,0.01120606427541756,50.68306010928961,0.0043881437324060305,22
momentum_10,0.0043881437324060305,0.39158652177573017,0.01120606427541756,50.68306010928961,0.0043881437324060305,22
macd_hist,0.07936586574188753,0.34052166164327635,0.23307141565939385,61.30790190735694,0.07936586574188753,23
price_ma200_ratio,0.07518784576005286,0.37115742550701863,0.20257669816882337,61.71662125340599,0.07518784576005286,23
beta_60,0.0664024440591198,0.45823560903886273,0.14490895676657953,56.81198910081744,0.0664024440591198,23
macd_signal,-0.0486334737015936,0.38649951907257796,-0.12583061893140693,45.50408719346049,0.0486334737015936,23
volatility_60,0.04521509371645611,0.380297169487363,0.11889411056465561,52.31607629427793,0.04521509371645611,23
rsi_14,0.04311782676905292,0.36378945796274814,0.11852412384491956,56.403269754768395,0.04311782676905292,23
price_ma20_ratio,0.04164808851457352,0.3731611832284692,0.11160884461306454,54.08719346049047,0.04164808851457352,23
momentum_5,0.03591776071340103,0.3805275377976913,0.09438938616972532,54.495912806539515,0.03591776071340103,23
return_5d,0.03591776071340103,0.3805275377976913,0.09438938616972532,54.495912806539515,0.03591776071340103,23
return_10d,0.0326975476839237,0.3875304245054142,0.08437414359312292,54.08719346049047,0.0326975476839237,23
momentum_10,0.0326975476839237,0.3875304245054142,0.08437414359312292,54.08719346049047,0.0326975476839237,23
return_60d,0.025183717281809924,0.3796311614771615,0.06633732906387077,53.269754768392374,0.025183717281809924,23
macd,-0.021517628602097258,0.38874350899311333,-0.05535173733917818,47.275204359673026,0.021517628602097258,23
return_1d,0.020327546046370232,0.3774896470674081,0.05384928091217388,52.997275204359674,0.020327546046370232,23
relative_strength_1d,0.020327546046370232,0.3774896470674081,0.05384928091217388,52.997275204359674,0.020327546046370232,23
volume_ratio_20,-0.020146973825447938,0.33433857333549444,-0.06025919661154776,48.09264305177112,0.020146973825447938,23
return_20d,0.01557261993229296,0.3645744206160625,0.04271451602659931,54.35967302452316,0.01557261993229296,23
relative_strength_20d,0.01557261993229296,0.3645744206160625,0.04271451602659931,54.35967302452316,0.01557261993229296,23
momentum_20,0.01557261993229296,0.3645744206160625,0.04271451602659931,54.35967302452316,0.01557261993229296,23
price_ma50_ratio,0.00396333911320288,0.37157134780305534,0.010666428228754538,50.68119891008175,0.00396333911320288,23
volatility_10,-0.0012715712988192508,0.35461275567329614,-0.003585802480243396,52.17983651226158,0.0012715712988192508,23
volume_change,-0.0008917513004706453,0.3395366918791715,-0.0026263768299538788,49.863760217983646,0.0008917513004706453,23
volatility_20,-0.0006110147799521106,0.3744276753871206,-0.0016318632946145948,51.089918256130794,0.0006110147799521106,23
macd_hist,0.09365414031171194,0.32855580835933784,0.2850478911919994,62.07366984993179,0.09365414031171194,24
price_ma200_ratio,0.08510479970234404,0.37145400292559505,0.2291126196838728,62.755798090040926,0.08510479970234404,24
beta_60,0.0668320310885113,0.4600575130982234,0.1452688613613457,56.20736698499318,0.0668320310885113,24
volatility_60,0.06678242176195791,0.3886503268856516,0.17183163667222795,54.02455661664393,0.06678242176195791,24
price_ma20_ratio,0.05886146595559965,0.37727794844847007,0.15601618434807396,56.480218281036834,0.05886146595559965,24
macd_signal,-0.05862995576501715,0.3883095410152946,-0.15098767754127335,44.74761255115961,0.05862995576501715,24
rsi_14,0.056232171648269866,0.366475587570677,0.15344042974602,57.16234652114598,0.056232171648269866,24
momentum_10,0.04199429492744636,0.39074457702478055,0.10747249583654012,54.570259208731244,0.04199429492744636,24
return_10d,0.04199429492744636,0.39074457702478055,0.10747249583654012,54.570259208731244,0.04199429492744636,24
return_5d,0.035627764686427706,0.3850650730136311,0.09252401005262428,54.570259208731244,0.035627764686427706,24
momentum_5,0.035627764686427706,0.3850650730136311,0.09252401005262428,54.570259208731244,0.035627764686427706,24
macd,-0.02960849973128281,0.390841781875123,-0.07575571779770197,47.0668485675307,0.02960849973128281,24
relative_strength_20d,0.029492744635991566,0.36875454339555336,0.07997933900533795,56.34379263301501,0.029492744635991566,24
momentum_20,0.029492744635991566,0.36875454339555336,0.07997933900533795,56.34379263301501,0.029492744635991566,24
return_20d,0.029492744635991566,0.36875454339555336,0.07997933900533795,56.34379263301501,0.029492744635991566,24
volatility_20,0.025854727355409467,0.377232250179473,0.06853795597568542,53.069577080491136,0.025854727355409467,24
volatility_10,0.01842986481458514,0.3523360614593517,0.052307631351301107,54.02455661664393,0.01842986481458514,24
return_1d,0.017188549354466075,0.3778839601578926,0.04548631634770664,52.38744884038199,0.017188549354466075,24
relative_strength_1d,0.017188549354466075,0.3778839601578926,0.04548631634770664,52.38744884038199,0.017188549354466075,24
volume_ratio_20,-0.013783124560750752,0.3325636451335249,-0.04144507303321385,49.24965893587995,0.013783124560750752,24
price_ma50_ratio,0.008177270660217452,0.38204905743729417,0.02140371897543443,52.52387448840382,0.008177270660217452,24
return_60d,-0.0027533176237132645,0.38045170063127315,-0.007236970209739527,49.79536152796726,0.0027533176237132645,24
volume_change,0.0013146471536648887,0.3380893680251526,0.0038884605018608093,49.5225102319236,0.0013146471536648887,24
macd_signal,-0.07853983215511182,0.3897229850632267,-0.20152732880861493,42.42837653478854,0.07853983215511182,25
beta_60,0.07647277688205384,0.46947460094655485,0.16289012595754787,56.753069577080495,0.07647277688205384,25
macd_hist,0.07582785563685973,0.3380390978281848,0.2243168205217515,60.436562073669855,0.07582785563685973,25
volatility_60,0.06787382694613253,0.4045235718123042,0.16778707515621724,53.206002728512956,0.06787382694613253,25
price_ma200_ratio,0.06638554714953077,0.3767552965508627,0.17620335469011406,60.84583901773534,0.06638554714953077,25
macd,-0.057588159907395915,0.3922883898883831,-0.14680057170129696,42.97407912687585,0.057588159907395915,25
rsi_14,0.03718219025176733,0.36295788866658046,0.10244216040699848,54.29740791268759,0.03718219025176733,25
price_ma20_ratio,0.03228740336516598,0.38092804366869976,0.08475984874783055,52.52387448840382,0.03228740336516598,25
price_ma50_ratio,-0.02835173012526353,0.3843316143438298,-0.07376892523834788,47.748976807639835,0.02835173012526353,25
return_60d,-0.026301211294390007,0.37573890730337445,-0.06999863677453612,47.748976807639835,0.026301211294390007,25
volatility_20,0.02274587622473024,0.38799832474534096,0.05862364544913765,52.52387448840382,0.02274587622473024,25
volatility_10,0.021422960849973114,0.3658912235431826,0.058550081203149626,54.84311050477489,0.021422960849973114,25
momentum_10,0.018016453759973537,0.38981958345705336,0.046217415759868874,51.9781718963165,0.018016453759973537,25
return_10d,0.018016453759973537,0.38981958345705336,0.046217415759868874,51.9781718963165,0.018016453759973537,25
return_5d,0.012063334573566493,0.3791251310799047,0.03181887346587957,52.11459754433834,0.012063334573566493,25
momentum_5,0.012063334573566493,0.3791251310799047,0.03181887346587957,52.11459754433834,0.012063334573566493,25
return_1d,0.010970847093107604,0.3762651138556291,0.029157226352154078,51.4324693042292,0.010970847093107604,25
relative_strength_1d,0.010970847093107604,0.3762651138556291,0.029157226352154078,51.4324693042292,0.010970847093107604,25
volume_ratio_20,-0.006209434040266234,0.33101965083963325,-0.01875850580023261,50.20463847203275,0.006209434040266234,25
volume_change,-0.0027202447393443316,0.341877675500553,-0.007956777918773266,48.70395634379263,0.0027202447393443316,25
return_20d,-0.0016784488817231072,0.37854231353590995,-0.004433979562403354,51.9781718963165,0.0016784488817231072,25
momentum_20,-0.0016784488817231072,0.37854231353590995,-0.004433979562403354,51.9781718963165,0.0016784488817231072,25
relative_strength_20d,-0.0016784488817231072,0.37854231353590995,-0.004433979562403354,51.9781718963165,0.0016784488817231072,25
volatility_60,0.11596290776618644,0.3800905597097841,0.30509283854544883,58.19672131147541,0.11596290776618644,26
beta_60,0.09422089749958602,0.44971655559120005,0.2095117387344628,58.606557377049185,0.09422089749958602,26
macd_signal,-0.07728100678920351,0.3910006007311997,-0.19764933006415433,42.07650273224044,0.07728100678920351,26
price_ma200_ratio,0.07610531544957773,0.37052713277850213,0.2053974155114649,62.704918032786885,0.07610531544957773,26
volatility_10,0.06822321576419936,0.35130837109933233,0.19419752381849525,60.79234972677595,0.06822321576419936,26
volatility_20,0.06448087431693987,0.3687305564318348,0.17487260871709204,58.333333333333336,0.06448087431693987,26
macd,-0.06049014737539326,0.395607343469194,-0.15290451093485233,42.759562841530055,0.06049014737539326,26
macd_hist,0.059595959595959584,0.34830679620119726,0.17110191430641608,57.650273224043715,0.059595959595959584,26
price_ma50_ratio,-0.03310150687199868,0.3812390239132784,-0.0868261242834584,47.26775956284153,0.03310150687199868,26
price_ma20_ratio,0.018413644643152833,0.38695682104821605,0.04758578642772764,51.09289617486339,0.018413644643152833,26
return_60d,-0.018016227852293426,0.3740159026330569,-0.0481696840307054,50.0,0.018016227852293426,26
relative_strength_20d,-0.0168736545785726,0.3877384591644949,-0.0435181349173673,49.04371584699454,0.0168736545785726,26
momentum_20,-0.0168736545785726,0.3877384591644949,-0.0435181349173673,49.04371584699454,0.0168736545785726,26
return_20d,-0.0168736545785726,0.3877384591644949,-0.0435181349173673,49.04371584699454,0.0168736545785726,26
volume_ratio_20,-0.01212121212121212,0.33409770173189285,-0.03628044149474325,49.59016393442623,0.01212121212121212,26
rsi_14,0.009554562013578394,0.3681757810577203,0.025951087782388624,51.36612021857923,0.009554562013578394,26
momentum_10,0.009173704255671473,0.38903718429712353,0.023580533239375756,50.54644808743169,0.009173704255671473,26
return_10d,0.009173704255671473,0.38903718429712353,0.023580533239375756,50.54644808743169,0.009173704255671473,26
return_5d,0.0039410498426891965,0.37689427407563875,0.010456645573496478,50.27322404371585,0.0039410498426891965,26
momentum_5,0.0039410498426891965,0.37689427407563875,0.010456645573496478,50.27322404371585,0.0039410498426891965,26
return_1d,0.0033272818486164892,0.37551295957696196,0.008860631207947852,50.409836065573764,0.0033272818486164892,26
relative_strength_1d,0.0033272818486164892,0.37551295957696196,0.008860631207947852,50.409836065573764,0.0033272818486164892,26
volume_change,-0.002947507865540652,0.3426624745736053,-0.008601781882327226,48.63387978142077,0.002947507865540652,26
macd_signal,-0.09993376386819008,0.3775060872796539,-0.26472093361016413,38.52459016393443,0.09993376386819008,27
macd,-0.08530799801291604,0.3806722299061293,-0.2240982958855504,40.30054644808743,0.08530799801291604,27
volatility_60,0.07972346414969364,0.39292987374323796,0.20289489162585114,55.46448087431693,0.07972346414969364,27
beta_60,0.07229466799138928,0.44603416542490765,0.1620832519018333,57.513661202185794,0.07229466799138928,27
return_60d,-0.06387439973505549,0.375451044468683,-0.17012710625281896,45.62841530054645,0.06387439973505549,27
volatility_10,0.05077206491140916,0.34315301948636656,0.14795750591792864,59.42622950819673,0.05077206491140916,27
volatility_20,0.04967916873654578,0.3601524795185996,0.13793926617678656,56.830601092896174,0.04967916873654578,27
macd_hist,0.04952806756085444,0.34904328937935053,0.14189663307643735,57.377049180327866,0.04952806756085444,27
price_ma50_ratio,-0.04209513164431196,0.3773845266366092,-0.11154440278587831,45.49180327868852,0.04209513164431196,27
price_ma20_ratio,0.020050919026328856,0.3848259906013144,0.052103858668688295,50.81967213114754,0.020050919026328856,27
return_20d,-0.01814663023679417,0.37729534163827044,-0.04809661883976331,48.224043715846996,0.01814663023679417,27
relative_strength_20d,-0.01814663023679417,0.37729534163827044,-0.04809661883976331,48.224043715846996,0.01814663023679417,27
momentum_20,-0.01814663023679417,0.37729534163827044,-0.04809661883976331,48.224043715846996,0.01814663023679417,27
price_ma200_ratio,0.013874399735055463,0.4014412464493822,0.03456147034658256,56.4207650273224,0.013874399735055463,27
return_10d,0.012021857923497269,0.3897689430565303,0.03084355010233248,51.09289617486339,0.012021857923497269,27
momentum_10,0.012021857923497269,0.3897689430565303,0.03084355010233248,51.09289617486339,0.012021857923497269,27
return_1d,0.009149851810530713,0.37096932978365543,0.024664712352007075,50.95628415300546,0.009149851810530713,27
relative_strength_1d,0.009149851810530713,0.37096932978365543,0.024664712352007075,50.95628415300546,0.009149851810530713,27
return_5d,0.005665259148865706,0.371977136755524,0.015230127309112298,50.27322404371585,0.005665259148865706,27
momentum_5,0.005665259148865706,0.371977136755524,0.015230127309112298,50.27322404371585,0.005665259148865706,27
volume_change,-0.0025997681735386658,0.34161598097689183,-0.007610206542751066,48.36065573770492,0.0025997681735386658,27
volume_ratio_20,-0.00250869349230005,0.3368011757249123,-0.007448588880072869,50.95628415300546,0.00250869349230005,27
rsi_14,0.000701689021361155,0.3717337605596739,0.001887611768984092,50.13661202185792,0.000701689021361155,27
volatility_60,0.09564316212743024,0.3943629284036486,0.24252574275829258,57.3187414500684,0.09564316212743024,28
beta_60,0.09115574348132487,0.4390414326820609,0.20762446706786508,59.64432284541724,0.09115574348132487,28
macd_signal,-0.08671392447042241,0.37234520070942373,-0.23288583901499915,39.808481532147745,0.08671392447042241,28
macd,-0.07271483646312647,0.3760037990618127,-0.19338856853191688,41.313269493844054,0.07271483646312647,28
volatility_20,0.0717924802056129,0.3579874326247164,0.20054469420683277,58.00273597811218,0.0717924802056129,28
volatility_10,0.06864195995522944,0.3478325359269651,0.19734197599514466,60.191518467852255,0.06864195995522944,28
return_60d,-0.048184305434647426,0.3732323448314636,-0.12910002603446782,47.60601915184679,0.048184305434647426,28
macd_hist,0.03786427890395058,0.3456324004020492,0.10955072169132814,54.99316005471956,0.03786427890395058,28
price_ma20_ratio,0.029306056460639218,0.38759050563059866,0.0756108729055659,51.43638850889193,0.029306056460639218,28
price_ma50_ratio,-0.022743854412801055,0.3815338075683782,-0.05961163588032738,47.8796169630643,0.022743854412801055,28
price_ma200_ratio,0.0207996517846039,0.407877020828871,0.05099490954978464,58.00273597811218,0.0207996517846039,28
momentum_10,0.017734112672553166,0.39280552635957106,0.04514730950174947,52.25718194254446,0.017734112672553166,28
return_10d,0.017734112672553166,0.39280552635957106,0.04514730950174947,52.25718194254446,0.017734112672553166,28
return_5d,0.012529536127347342,0.3845355538878477,0.03258355697065573,50.88919288645691,0.012529536127347342,28
momentum_5,0.012529536127347342,0.3845355538878477,0.03258355697065573,50.88919288645691,0.012529536127347342,28
rsi_14,0.011439290303859389,0.3773464684739482,0.03031508509970102,51.162790697674424,0.011439290303859389,28
volume_ratio_20,-0.009584214235377026,0.3403128151499197,-0.02816295422537892,49.3844049247606,0.009584214235377026,28
relative_strength_1d,0.008739535726699825,0.375776951353362,0.023257242614865965,51.02599179206566,0.008739535726699825,28
return_1d,0.008739535726699825,0.375776951353362,0.023257242614865965,51.02599179206566,0.008739535726699825,28
volume_change,-0.003987895369564315,0.3469285189262677,-0.011494861771256856,47.8796169630643,0.003987895369564315,28
return_20d,0.0005243958048335607,0.3797035898503294,0.001381066228634461,49.93160054719562,0.0005243958048335607,28
momentum_20,0.0005243958048335607,0.3797035898503294,0.001381066228634461,49.93160054719562,0.0005243958048335607,28
relative_strength_20d,0.0005243958048335607,0.3797035898503294,0.001381066228634461,49.93160054719562,0.0005243958048335607,28
volatility_60,0.13946845504222552,0.3770494878431759,0.36989429647557,63.79781420765027,0.13946845504222552,29
beta_60,0.13773596621957276,0.4087210336111033,0.3369926059411664,65.02732240437157,0.13773596621957276,29
macd_signal,-0.10923994038748137,0.36067488422325256,-0.30287648285446855,38.25136612021858,0.10923994038748137,29
volatility_20,0.10786761053154494,0.3385230322687741,0.3186418655434418,62.704918032786885,0.10786761053154494,29
macd,-0.09362063255505877,0.3660902037950988,-0.2557310509391788,39.89071038251366,0.09362063255505877,29
volatility_10,0.09137481371087927,0.3376634493858426,0.270609134263942,63.52459016393443,0.09137481371087927,29
return_60d,-0.04320872661036595,0.37911444186600474,-0.11397277929506511,48.08743169398907,0.04320872661036595,29
macd_hist,0.03775459513164431,0.3416995542319136,0.11049061862697085,55.19125683060109,0.03775459513164431,29
price_ma50_ratio,-0.02537050836231163,0.37872946209641584,-0.06698847304320063,48.08743169398907,0.02537050836231163,29
price_ma20_ratio,0.02289907269415466,0.3847509146750881,0.05951661664922179,51.09289617486339,0.02289907269415466,29
volume_ratio_20,-0.016434840205332008,0.3404413408847314,-0.04827510126302966,48.77049180327869,0.016434840205332008,29
momentum_10,0.01251862891207154,0.39035410881652455,0.03206992991575141,51.91256830601093,0.01251862891207154,29
return_10d,0.01251862891207154,0.39035410881652455,0.03206992991575141,51.91256830601093,0.01251862891207154,29
price_ma200_ratio,-0.011179417122040078,0.409679964603874,-0.02728817147025882,53.551912568306015,0.011179417122040078,29
return_1d,0.010143393787679244,0.3725643374954737,0.02722588494612015,51.09289617486339,0.010143393787679244,29
relative_strength_1d,0.010143393787679244,0.3725643374954737,0.02722588494612015,51.09289617486339,0.010143393787679244,29
return_5d,0.009854694485842024,0.38189611020459396,0.025804647448654423,50.27322404371585,0.009854694485842024,29
momentum_5,0.009854694485842024,0.38189611020459396,0.025804647448654423,50.27322404371585,0.009854694485842024,29
rsi_14,0.008169812882927632,0.3701477747681284,0.022071760091075643,50.81967213114754,0.008169812882927632,29
return_20d,-0.003823066732902792,0.37653007246438086,-0.010153416718831795,48.49726775956284,0.003823066732902792,29
momentum_20,-0.003823066732902792,0.37653007246438086,-0.010153416718831795,48.49726775956284,0.003823066732902792,29
relative_strength_20d,-0.003823066732902792,0.37653007246438086,-0.010153416718831795,48.49726775956284,0.003823066732902792,29
volume_change,-0.0010432190760059617,0.3476157359304779,-0.0030010697680688493,48.224043715846996,0.0010432190760059617,29
