Date,gross_return,long_contribution,short_contribution,market_return,turnover,transaction_cost,net_return,equity_curve,high_water_mark,drawdown
2025-01-22,-0.0009047414500000001,-0.0013626957,0.00045795424999999987,0.0030253204200000002,2.0,0.002,-0.00290474145,0.99709525855,0.99709525855,0.0
2025-01-23,0.0174605205,0.0036646302499999998,0.01379589025,-0.00282942289,0.0,0.0,0.0174605205,1.0145050607523651,1.0145050607523651,0.0
2025-01-24,-0.0004394609999999995,-0.0050879255,0.0046484645,-0.035913981580000004,0.0,0.0,-0.0004394609999999995,1.0140592253438618,1.0145050607523651,-0.00043946100000002986
2025-01-27,0.0713846669,0.06290124550000001,0.0084834214,0.022033883090000005,1.0,0.001,0.0703846669,1.0854334461365616,1.0854334461365616,0.0
2025-01-28,-0.00982125615,-0.0181970955,0.008375839349999999,-0.007177160085999999,0.0,0.0,-0.00982125615,1.0747731262282771,1.0854334461365616,-0.009821256150000068
2025-01-29,-0.01836488275,0.00014261524999999988,-0.018507498,0.00600252735,0.0,0.0,-0.01836488275,1.0550350437822438,1.0854334461365616,-0.028005772682347607
2025-01-30,-0.01461032425,-0.02171754025,0.007107216,-0.00031237034300000065,0.0,0.0,-0.01461032425,1.0396206396974723,1.0854334461365616,-0.0422069235125867
2025-01-31,-0.00649216235,-0.031127978,0.02463581565,-0.014208854100000001,0.0,0.0,-0.00649216235,1.0328712537221454,1.0854334461365616,-0.04842507166284904
2025-02-03,0.0031008510000000034,0.0213253935,-0.0182245425,0.017123355299999997,2.0,0.002,0.0011008510000000034,1.0340082910746766,1.0854334461365616,-0.04737752945141416
2025-02-04,-0.01053801335,-0.010418935,-0.00011907834999999996,-0.0027598407500000004,0.0,0.0,-0.01053801335,1.023111897899321,1.0854334461365616,-0.05741627776356517
2025-02-05,0.017674142349999998,0.0161265751,0.0015475672499999996,0.00607545729,0.0,0.0,0.017674142349999998,1.0411945232227722,1.0854334461365616,-0.04075691887996569
2025-02-06,0.003014037999999998,-0.011828921500000002,0.0148429595,-0.018273925955555558,1.0,0.001,0.002014037999999998,1.0432915285579347,1.0854334461365616,-0.038824966863352794
2025-02-07,0.022918723800000006,0.0174124868,0.005506237000000001,0.008489738177777777,0.0,0.0,0.022918723800000006,1.0672024389438337,1.0854334461365616,-0.01679606175543824
2025-02-10,0.022571028799999997,-0.0059660532,0.028537082,-0.00401367788888889,0.0,0.0,0.022571028799999997,1.0912902959286652,1.0912902959286652,0.0
2025-02-11,-0.008011995000000003,-0.010863608,0.0028516129999999994,-0.002689092455555555,0.0,0.0,-0.008011995000000003,1.082546883534136,1.0912902959286652,-0.00801199500000016
2025-02-12,-0.009790616000000002,0.022712288,-0.032502904,0.01565469582222222,0.0,0.0,-0.009790616000000002,1.0719480826954566,1.0912902959286652,-0.0177241686335613
2025-02-13,0.010344432485,0.010712526,-0.000368093515,0.0012964947144444444,0.0,0.0,0.010344432485,1.0830367772643248,1.0912902959286652,-0.007563082614344019
2025-02-14,-0.0010609177499999994,-0.00196051325,0.000899595500000001,-0.0005422034333333333,1.0,0.001,-0.0020609177499999994,1.080804727546158,1.0912902959286652,-0.009608413473139232
2025-02-18,0.01296715395,0.0048992642,0.00806788975,0.0021467560654,2.0,0.002,0.010967153949999999,1.0926580793830447,1.0926580793830447,0.0
2025-02-19,-0.011551278100000001,-0.010189475600000001,-0.0013618024999999994,-0.0072492612800000005,1.0,0.001,-0.0125512781,1.0789438239604963,1.0926580793830447,-0.012551278100000007
2025-02-20,-0.013435576500000001,-0.0274079625,0.013972386,-0.023554194379999997,0.0,0.0,-0.013435576500000001,1.0644475916744724,1.0926580793830447,-0.025818220942914638
2025-02-21,-0.0014159022499999983,-0.01007537725,0.008659475,-0.015390972889999998,0.0,0.0,-0.0014159022499999983,1.0629404379344134,1.0926580793830447,-0.02719756711579069
2025-02-24,-0.009816559000000002,-0.024691727,0.014875168000000001,-0.021894644078,1.0,0.001,-0.010816559000000003,1.05144307997401,1.0926580793830447,-0.037719942026426256
2025-02-25,-0.0151146631,-0.004025511900000001,-0.0110891512,0.00455256133,1.0,0.001,-0.0161146631,1.0344994289714025,1.0926580793830447,-0.05322676096851886
2025-02-26,-0.04631260935,-0.0546347405,0.00832213115,-0.02833575097,1.0,0.001,-0.04731260935,0.9855545616156803,1.0926580793830447,-0.09802107336984955
2025-02-27,0.010209744499999998,0.025131981499999997,-0.014922237,0.0192539194,1.0,0.001,0.009209744499999999,0.9946312673189701,1.0926580793830447,-0.08971407791120178
2025-02-28,-0.02915912499999999,-0.053069626999999994,0.023910502,-0.033338312999999994,0.0,0.0,-0.02915912499999999,0.9656286898663079,1.0926580793830447,-0.11625721889912932
2025-03-03,0.02103281124,0.0201664005,0.00086641074,-0.008265102218,1.0,0.001,0.02003281124,0.9849729471383281,1.0926580793830447,-0.09855336658062297
2025-03-04,0.005586844500000002,0.011790239000000001,-0.006203394499999999,0.013622719620000001,0.0,0.0,0.005586844500000002,0.9904758378306966,1.0926580793830447,-0.09351712441466042
2025-03-05,-0.0288619596,-0.0236737406,-0.005188219000000001,-0.027207508879999998,1.0,0.001,-0.0298619596,0.9608982883766202,1.0926580793830447,-0.12058647942348166
2025-03-06,0.00578482385,0.00777922735,-0.0019944035000000002,0.01031673531,1.0,0.001,0.00478482385,0.9654960174242687,1.0926580793830447,-0.11637864063621473
2025-03-07,-0.0434804515,-0.047447655000000005,0.0039672035000000005,-0.046949846100000005,0.0,0.0,-0.0434804515,0.9235158146652096,1.0926580793830447,-0.15479889629639598
2025-03-10,0.026199677725000002,0.014774271500000002,0.011425406225,0.003227471355,0.0,0.0,0.026199677725000002,0.9477116313833789,1.0926580793830447,-0.1326548997665472
2025-03-11,0.0379267876,0.041495511,-0.0035687234,0.019952146730000002,1.0,0.001,0.0369267876,0.9827075775015223,1.0926580793830447,-0.10062663147432593
2025-03-12,-0.009534916249999999,-0.0175130322,0.00797811595,-0.020536674230000003,1.0,0.001,-0.010534916249999998,0.9723548354743033,1.0926580793830447,-0.11010145458922438
2025-03-13,0.007645704500000005,0.035430656000000005,-0.027784951500000002,0.028645324899999998,0.0,0.0,0.007645704500000005,0.979789173215486,1.0926580793830447,-0.10329755327603374
2025-03-14,-0.016091029485,-0.0075998310000000005,-0.008491198485,-0.006786876383000001,0.0,0.0,-0.016091029485,0.9640233567401919,1.0926580793830447,-0.11772641878554058
2025-03-17,-0.013020571049999999,-0.02021126425,0.007190693200000001,-0.020790581989999998,0.0,0.0,-0.013020571049999999,0.9514712221298968,1.0926580793830447,-0.12921412463528137
2025-03-18,0.0016539094999999974,0.015047658499999998,-0.013393749,0.01949649394,0.0,0.0,0.0016539094999999974,0.9530448694231541,1.0926580793830447,-0.12777392360354978
2025-03-19,-0.0021346786000000003,0.0016490243499999997,-0.00378370295,-0.0022823653400000006,1.0,0.001,-0.0031346786000000003,0.9500573800661335,1.0926580793830447,-0.1305080720195918
2025-03-20,0.0063731823,0.0133932218,-0.0070200395,0.012124944760000003,1.0,0.001,0.0053731823,0.9551622115646893,1.0926580793830447,-0.12583613338217448
2025-03-21,-0.0033644990000000004,0.016885925,-0.020250424,0.02901834592,0.0,0.0,-0.0033644990000000004,0.951948569259042,1.0926580793830447,-0.1287772568372464
2025-03-24,0.00599035,0.01542872,-0.00943837,0.00929139042,0.0,0.0,0.00599035,0.957651074370903,1.0926580793830447,-0.12355832767774133
2025-03-25,-0.016050604,-0.0210842225,0.005033618499999999,-0.024901148972999998,0.0,0.0,-0.016050604,0.9422801962060011,1.0926580793830447,-0.13762574588928356
2025-03-26,0.0034761200000000005,-0.0050044975,0.0084806175,-0.008961562740000002,1.0,0.001,0.0024761200000000005,0.9446133950454308,1.0926580793830447,-0.13549040375119492
2025-03-27,0.005878902750000002,-0.01624084,0.02211974275,-0.028143943249999998,1.0,0.001,0.004878902750000002,0.9492220719362049,1.0926580793830447,-0.13127254550465517
2025-03-28,-0.015644677029999998,-0.010877746,-0.00476693103,-0.0019135877240000006,0.0,0.0,-0.015644677029999998,0.9343717991910155,1.0926580793830447,-0.14486350595732878
2025-03-31,0.0025955327250000004,0.011420886600000001,-0.008825353875,0.011833155835000001,0.0,0.0,0.0025955327250000004,0.9367969917731329,1.0926580793830447,-0.14264397120269934
2025-04-01,0.015137977350000002,0.011817671,0.00332030635,0.010192271881,0.0,0.0,0.015137977350000002,0.9509782034161427,1.0926580793830447,-0.12966533505787992
2025-04-02,-0.03789893999999999,-0.09156339,0.05366445,-0.0695845354,1.0,0.001,-0.03889893999999999,0.9139861593401504,1.0926580793830447,-0.1635204309693835
2025-04-03,0.02622575,-0.061851165,0.088076915,-0.06092331790000001,0.0,0.0,0.02622575,0.9379561318584654,1.0926580793830447,-0.1415831269118788
2025-04-04,0.06401575400000001,0.044484861,0.019530893,0.00830890215,0.0,0.0,0.06401575400000001,0.9980001008583084,1.0926580793830447,-0.08663092353482049
2025-04-07,0.003266586999999996,-0.031770954500000004,0.0350375415,-0.017069567600000002,1.0,0.001,0.002266586999999996,1.0002621549129125,1.0926580793830447,-0.08456069305990255
2025-04-08,0.0318501175,0.1702579,-0.1384077825,0.135000155,0.0,0.0,0.0318501175,1.0321206220776917,1.0926580793830447,-0.05540384356974204
2025-04-09,0.013350901499999998,-0.050760467000000004,0.0641113685,-0.050961685599999994,0.0,0.0,0.013350901499999998,1.0459003628391697,1.0926580793830447,-0.042792633327963125
2025-04-10,0.022343250300000003,0.0359149995,-0.0135717492,0.026161843605000002,1.0,0.001,0.0213432503,1.0682232760721069,1.0926580793830447,-0.022362716912077918
2025-04-11,0.024289322500000002,0.010035450000000001,0.0142538725,-0.0029772072399999994,1.0,0.001,0.0232893225,1.0931014724505566,1.0931014724505566,0.0
2025-04-14,0.018548084200000002,0.0057910929,0.0127569913,-0.00430607719,0.0,0.0,0.018548084200000002,1.1133764106007136,1.1133764106007136,0.0
2025-04-15,-0.027858195,-0.053824985,0.02596679,-0.030765071600000006,0.0,0.0,-0.027858195,1.082359753445799,1.1133764106007136,-0.027858194999999863
2025-04-16,-0.01167185825,-0.0073806475,-0.00429121075,-0.003577932267,0.0,0.0,-0.01167185825,1.0697266038280746,1.1133764106007136,-0.039204896346859086
2025-04-17,-0.020363999,-0.0341078525,0.0137438535,-0.0288249219,2.0,0.002,-0.022363999000000002,1.0458032391297902,1.1133764106007136,-0.06069211708416278
2025-04-21,-0.0053299005,0.0230821345,-0.028412035000000002,0.029204352000000006,0.0,0.0,-0.0053299005,1.0402292119226506,1.1133764106007136,-0.06569853463896991
2025-04-22,0.025188836,0.032122324,-0.006933487999999999,0.030277038599999993,0.0,0.0,0.025188836,1.0664313749441796,1.1133764106007136,-0.04216456825343118
2025-04-23,0.017085801,0.03075806,-0.013672258999999999,0.029792753800000005,0.0,0.0,0.017085801,1.0846522091966322,1.1133764106007136,-0.025799182675860233
2025-04-24,0.0324333125,0.029929362,0.0025039505,0.02307252735,0.0,0.0,0.0324333125,1.119831073251322,1.119831073251322,0.0
2025-04-25,-0.01403590375,-0.01443703,0.00040112624999999994,-0.00255448277,0.0,0.0,-0.01403590375,1.1041132320909073,1.119831073251322,-0.014035903749999856
2025-04-28,-0.0017027048499999998,-6.742800000000002e-05,-0.0016352768499999998,0.0037246656399999994,0.0,0.0,-0.0017027048499999998,1.1022332531356769,1.119831073251322,-0.015714709598610654
2025-04-29,0.012798464,-0.004704333,0.017502797,-0.00780575198,1.0,0.001,0.011798464000000002,1.115237912492401,1.119831073251322,-0.0041016550340803315
2025-04-30,0.01487010435,0.020220032,-0.00534992765,0.022430896989999997,1.0,0.001,0.013870104349999999,1.1307063787137468,1.1307063787137468,0.0
2025-05-01,-0.0023022061500000005,0.0214094295,-0.02371163565,0.015353762360000004,1.0,0.001,-0.0033022061500000005,1.126972553156114,1.1307063787137468,-0.0033022061499999866
2025-05-02,0.0095352288,-0.00242081455,0.01195604335,-0.011561407300000002,0.0,0.0,0.0095352288,1.1377184943017777,1.1377184943017777,0.0
2025-05-05,-0.0024262271,-0.0042140121,0.001787785,-0.00638645798,1.0,0.001,-0.0034262271,1.1338204123644298,1.1377184943017777,-0.0034262271000000677
2025-05-06,0.008706400650000001,0.009808743500000001,-0.0011023428500000002,0.0009643356150000004,1.0,0.001,0.007706400650000001,1.1425580867272582,1.1425580867272582,0.0
2025-05-07,-0.0116429495,0.010902629,-0.0225455785,0.013501854490000001,1.0,0.001,-0.0126429495,1.128112782535949,1.1425580867272582,-0.0126429495
2025-05-08,-0.02987323905,-0.00043422705000000037,-0.029439012,0.00457730021,1.0,0.001,-0.03087323905,1.093284286925356,1.1425580867272582,-0.043125859747789264
2025-05-09,0.016442372500000003,0.0587912175,-0.042348844999999996,0.051539386300000004,0.0,0.0,0.016442372500000003,1.1112604744193797,1.1425580867272582,-0.027392578698145154
2025-05-12,0.030306275460000004,0.0315468998,-0.00124062434,0.022435741428000002,2.0,0.002,0.028306275460000002,1.142716119516105,1.142716119516105,0.0
2025-05-13,0.0393689305,0.039122658,0.00024627250000000024,0.01241609882,0.0,0.0,0.0393689305,1.1877036310065643,1.1877036310065643,0.0
2025-05-14,-0.01234555455,-0.0061472215,-0.00619833305,-0.00564552184,0.0,0.0,-0.01234555455,1.1730407710407398,1.1877036310065643,-0.01234555454999986
2025-05-15,0.00945210755,0.0089140935,0.0005380140499999999,0.0016227184850000002,0.0,0.0,0.00945210755,1.1841284785691517,1.1877036310065643,-0.00301013850937093
2025-05-16,0.004566606599999999,0.0016807185999999999,0.0028858879999999996,-0.0034961107130000004,0.0,0.0,0.004566606599999999,1.1895359274946335,1.1895359274946335,0.0
2025-05-19,-0.0023365303,-0.0120745665,0.0097380362,-0.0051854363,1.0,0.001,-0.0033365303,1.185567004829609,1.1895359274946335,-0.00333653030000014
2025-05-20,0.01176687635,0.004365442000000001,0.00740143435,-0.01084491127,0.0,0.0,0.01176687635,1.1995174251800789,1.1995174251800789,0.0
2025-05-21,0.0075323174,0.0050460257500000005,0.00248629165,0.004909017850000001,1.0,0.001,0.0065323174,1.207353053728186,1.207353053728186,0.0
2025-05-22,-0.014966594619999999,-0.022144960499999998,0.007178365880000001,-0.010360138387,0.0,0.0,-0.014966594619999999,1.189283090009817,1.207353053728186,-0.014966594620000162
2025-05-23,-0.021070695500000004,0.025796913499999997,-0.046867609000000005,0.0278390259,1.0,0.001,-0.022070695500000004,1.1630347850669114,1.207353053728186,-0.03670696696747011
2025-05-27,0.00623511635,-0.00103726155,0.0072723779,-0.00396148111,0.0,0.0,0.00623511635,1.170286442270901,1.207353053728186,-0.030700722827367688
2025-05-28,-0.0059084834,-0.002622947,-0.0032855364000000005,0.0061117355,0.0,0.0,-0.0059084834,1.1633718242534983,1.207353053728186,-0.03642781151617425
2025-05-29,0.016707969075,0.0019013890750000002,0.01480658,-0.00594550045,0.0,0.0,0.016707969075,1.1828094047158522,1.207353053728186,-0.020328477189456295
2025-05-30,-0.002195604850000002,0.01044123715,-0.012636842000000002,0.00791347864,1.0,0.001,-0.003195604850000002,1.1790296132455165,1.207353053728186,-0.02345912025915664
2025-06-02,0.011923433,0.0178677395,-0.0059443065,0.006115473380000001,1.0,0.001,0.010923433,1.1919086642308199,1.207353053728186,-0.012791941387546468
2025-06-03,0.026344648900000003,0.0013715414000000001,0.0249731075,0.0013793823299999993,0.0,0.0,0.026344648900000003,1.223309079510849,1.223309079510849,0.0
2025-06-04,0.06867380485,-0.00492287985,0.0735966847,-0.01769804158,1.0,0.001,0.06767380485,1.3060950594288994,1.3060950594288994,0.0
2025-06-05,-0.0058572715000000004,0.0244585695,-0.030315841,0.01384405333,0.0,0.0,-0.0058572715000000004,1.2984449060610157,1.3060950594288994,-0.005857271499999928
2025-06-06,-0.02966255685,-0.0035370440000000005,-0.026125512849999998,0.00705058598,1.0,0.001,-0.03066255685,1.258631265312327,1.3060950594288994,-0.03634022942964521
2025-06-09,-0.0379967333,0.0010925646999999999,-0.039089297999999995,0.0127268409,0.0,0.0,-0.0379967333,1.210807388801213,1.3060950594288994,-0.07295615272394618
2025-06-10,-0.01165842575,-0.00779199125,-0.003866434499999999,-0.00096819187,1.0,0.001,-0.01265842575,1.1954804733725215,1.3060950594288994,-0.08469106843168439
2025-06-11,0.006309237100000001,0.0076685600000000005,-0.0013593229,0.001453834597,0.0,0.0,0.006309237100000001,1.203023043127449,1.3060950594288994,-0.07891616736267226
2025-06-12,-0.014310812499999999,-0.010985140000000001,-0.0033256724999999997,-0.006904092759999999,0.0,0.0,-0.014310812499999999,1.1858068059240725,1.3060950594288994,-0.09209762538832655
2025-06-13,-0.0066814768,0.0094144515,-0.0160959283,0.01468940601,0.0,0.0,-0.0066814768,1.1778838652610086,1.3060950594288994,-0.09816375404095945
2025-06-16,-0.01142766,-0.008153241,-0.0032744189999999998,-0.00770251123,0.0,0.0,-0.01142766,1.1644234089293202,1.3060950594288994,-0.10846963203545557
2025-06-17,0.009303016899999999,0.0047034215,0.0045995954,0.00260613142,0.0,0.0,0.009303016899999999,1.175256059581345,1.3060950594288994,-0.10017570995541836
2025-06-18,0.011259146000000001,0.0082853275,0.0029738185,-0.005101411474,0.0,0.0,0.011259146000000001,1.1884884391435562,1.3060950594288994,-0.09004445689946006
2025-06-20,-0.018136980600000005,0.010119453399999999,-0.028256434000000004,0.01154438292,2.0,0.002,-0.020136980600000007,1.164555870501198,1.3060950594288994,-0.10836821401773811
2025-06-23,0.044151296,0.017164435999999998,0.02698686,0.007431143109999999,0.0,0.0,0.044151296,1.215972521448234,1.3060950594288994,-0.06900151511182673
2025-06-24,0.042709019749999994,0.023873711,0.018835308749999998,0.00444958877,0.0,0.0,0.042709019749999994,1.2679055158822239,1.3060950594288994,-0.029239482433517594
2025-06-25,0.00886704835,0.0136395665,-0.00477251815,0.01247811519,1.0,0.001,0.00786704835,1.2778801898789012,1.3060950594288994,-0.02160246250555098
2025-06-26,0.01893210165,0.012859378150000001,0.0060727235,0.006171517990000001,0.0,0.0,0.01893210165,1.3020731475302096,1.3060950594288994,-0.0030793408715965587
2025-06-27,0.011486520650000002,-0.004959497849999999,0.0164460185,7.616936999999945e-05,0.0,0.0,0.011486520650000002,1.317029437627126,1.317029437627126,0.0
2025-06-30,0.0135060292,-0.0064944728000000005,0.020000502000000003,-0.012830262700000001,0.0,0.0,0.0135060292,1.3348172756689776,1.3348172756689776,0.0
2025-07-01,-0.02613940815,0.006986335850000001,-0.033125744,0.01428820606,0.0,0.0,-0.02613940815,1.299925942094595,1.3348172756689776,-0.026139408150000043
2025-07-02,0.005679096800000001,0.01038173075,-0.00470263395,0.01103229079,0.0,0.0,0.005679096800000001,1.3073083473525815,1.3348172756689776,-0.020608759579178515
2025-07-03,0.0300500845,-0.008753682,0.0388037665,-0.013677449305,0.0,0.0,0.0300500845,1.346593073658082,1.346593073658082,0.0
2025-07-07,-0.0159869351,0.0044561414,-0.020443076499999997,-0.001897925894,1.0,0.001,-0.0169869351,1.3237185845097426,1.346593073658082,-0.016986935100000045
2025-07-08,0.0208848367,0.0159368915,0.0049479452,0.009540749910000002,0.0,0.0,0.0208848367,1.3513642309839837,1.3513642309839837,0.0
2025-07-09,-0.026876916249999997,0.0017292387500000002,-0.028606154999999998,0.00722967656,0.0,0.0,-0.026876916249999997,1.3150437277245814,1.3513642309839837,-0.026876916250000105
2025-07-10,-0.0037156192499999997,0.004333076,-0.00804869525,0.00240678236,0.0,0.0,-0.0037156192499999997,1.3101575259352563,1.3513642309839837,-0.0304926711126009
2025-07-11,-0.0017407358300000004,-0.0028750383300000003,0.0011343025,0.0006146278940000001,0.0,0.0,-0.0017407358300000004,1.3078768877869167,1.3513642309839837,-0.03218032725744269
2025-07-14,0.037076906500000006,0.022987965500000002,0.014088941,0.002281697810000001,0.0,0.0,0.037076906500000006,1.3563689168689033,1.3563689168689033,0.0
2025-07-15,-0.012744338925000001,0.001764866075,-0.014509205,0.001539873958,0.0,0.0,-0.012744338925000001,1.3390828916849908,1.3563689168689033,-0.012744338924999932
2025-07-16,0.016820584149999998,0.010768199499999999,0.00605238465,0.004741646899999999,0.0,0.0,0.016820584149999998,1.3616070481484035,1.3616070481484035,0.0
2025-07-17,-0.0019280482999999987,-0.0033174773,0.001389429000000001,0.0012181852999999993,0.0,0.0,-0.0019280482999999987,1.358981803993953,1.3616070481484035,-0.0019280483000000403
2025-07-18,-0.0025169593045,-0.0029772931045,0.0004603338000000001,0.006902996879099998,0.0,0.0,-0.0025169593045,1.3555613020977442,1.3616070481484035,-0.004440154785391837
2025-07-21,-0.025164160249999998,-0.0173866315,-0.00777752875,-0.00548823175,0.0,0.0,-0.025164160249999998,1.3214497402630578,1.3616070481484035,-0.02949258226883744
2025-07-22,0.004738551200000001,0.01181922325,-0.00708067205,0.00834759464,0.0,0.0,0.004738551200000001,1.327711497515521,1.3616070481484035,-0.02489378317993851
2025-07-23,0.050691543,0.013618024000000001,0.037073519,-0.00025779354999999843,0.0,0.0,0.050691543,1.3950152419834234,1.3950152419834234,0.0
2025-07-24,-0.0137828558,0.00207905855,-0.015861914350000002,0.00474034108,0.0,0.0,-0.0137828558,1.3757879480643638,1.3950152419834234,-0.013782855800000049
2025-07-25,-0.011598203799999998,0.0081881907,-0.0197863945,0.007947623034,0.0,0.0,-0.011598203799999998,1.3598312790571294,1.3950152419834234,-0.025221203229485623
2025-07-28,-0.0031586669999999996,-0.0034393864999999997,0.0002807195000000002,-0.0029735904599999994,0.0,0.0,-0.0031586669999999996,1.3555360248704038,1.3950152419834234,-0.02830020484714435
2025-07-29,0.0190684615,0.0113651955,0.007703266,0.0016611284199999992,0.0,0.0,0.0190684615,1.3813840113725082,1.3950152419834234,-0.009771384713714193
2025-07-30,0.033873170900000006,0.0158325755,0.0180405954,0.00537121106,0.0,0.0,0.033873170900000006,1.4281758680682566,1.4281758680682566,0.0
2025-07-31,-0.0023610525000000004,-0.0204661605,0.018105108,-0.026998926099999997,0.0,0.0,-0.0023610525000000004,1.4248038698645145,1.4281758680682566,-0.0023610524999999605
2025-08-01,0.0198696867,0.020471608699999998,-0.0006019219999999995,0.01644619014,1.0,0.001,0.0188696867,1.4516894724978053,1.4516894724978053,0.0
2025-08-04,-0.0044122237,-0.0058906817,0.001478458,-0.006398199060000001,0.0,0.0,-0.0044122237,1.44528429380221,1.4516894724978053,-0.004412223700000051
2025-08-05,0.013987349549999998,0.0287069997,-0.014719650150000001,0.016981079502400003,0.0,0.0,0.013987349549999998,1.4654999904187465,1.4654999904187465,0.0
2025-08-06,0.01859933015,0.0196589555,-0.0010596253500000001,0.0018138969299999995,0.0,0.0,0.01859933015,1.4927573085753667,1.4927573085753667,0.0
2025-08-07,0.01105588625,0.026517250500000002,-0.015461364250000002,0.01293546128,0.0,0.0,0.01105588625,1.5092610635778323,1.5092610635778323,0.0
2025-08-08,0.0008503827499999994,-0.00592022695,0.006770609699999999,-0.00065095617,1.0,0.001,-0.00014961725000000063,1.5090352520879677,1.5092610635778323,-0.00014961724999995596
2025-08-11,-0.008328852000000001,0.00884188,-0.017170732,0.012406784980000002,1.0,0.001,-0.009328852000000002,1.4949576855584563,1.5092610635778323,-0.009477073492818122
2025-08-12,-0.010910582999999998,-0.0102635635,-0.0006470194999999993,-0.00246116682,1.0,0.001,-0.011910582999999999,1.4771518679631244,1.5092610635778323,-0.021274779022384838
2025-08-13,0.00435414225,0.00464575715,-0.0002916149,0.0045906433600000005,0.0,0.0,0.00435414225,1.483583597321089,1.5092610635778323,-0.017013270186585716
2025-08-14,-0.00897501045,-0.006523256,-0.0024517544500000004,-0.005145574942,1.0,0.001,-0.009975010449999999,1.4687848354343624,1.5092610635778323,-0.02681857308868585
2025-08-15,0.0116640729,0.0013715556999999998,0.0102925172,-0.00052322928,0.0,0.0,0.0116640729,1.4859168488292833,1.5092610635778323,-0.01546731398026624
2025-08-18,-0.01751268315,-0.024586689,0.0070740058500000005,-0.014519151060000002,0.0,0.0,-0.01751268315,1.4598944578684896,1.5092610635778323,-0.032709122961348314
2025-08-19,-0.0073205436500000005,-0.00465557715,-0.0026649665000000006,-0.007697290989999999,0.0,0.0,-0.0073205436500000005,1.4492072367652702,1.5092610635778323,-0.03979021804895666
2025-08-20,0.0006982591999999993,-0.0018409962,0.0025392553999999995,-0.00395529666,0.0,0.0,0.0006982591999999993,1.450219159051048,1.5092610635778323,-0.03911974273477936
2025-08-21,-0.008432102,0.0115660065,-0.0199981085,0.023235259400000003,0.0,0.0,-0.008432102,1.4379907631795754,1.5092610635778323,-0.04722198307382586
2025-08-22,-0.00957281345,0.0021848987000000005,-0.01175771215,0.002724845754,1.0,0.001,-0.01057281345,1.4227871550976545,1.5092610635778323,-0.05729552730604737
2025-08-25,-0.00294625925,0.0032489909999999997,-0.006195250249999999,0.0051609755599999994,0.0,0.0,-0.00294625925,1.418595255281167,1.5092610635778323,-0.06007297907873821
2025-08-26,0.0015055548499999993,0.00421317485,-0.0027076200000000004,0.00234049245,0.0,0.0,0.0015055548499999993,1.4207310282479426,1.5092610635778323,-0.05865786739374412
2025-08-27,0.0014408814999999995,-0.0010757068000000003,0.0025165883,0.007161876409999999,0.0,0.0,0.0014408814999999995,1.422778133303021,1.5092610635778323,-0.05730150492970132
2025-08-28,-0.021509332000000006,-0.034863895000000006,0.013354563,-0.01246165536,1.0,0.001,-0.022509332000000007,1.390752347938163,1.5092610635778323,-0.078521018331139
2025-08-29,-0.0033266821000000005,-0.0083309251,0.005004243,-0.007406924529999999,0.0,0.0,-0.0033266821000000005,1.386125756996744,1.5092610635778323,-0.08158648596498308
2025-09-02,0.011428147949999998,0.0064891952,0.00493895275,0.013790021529999998,0.0,0.0,0.011428147949999998,1.4019666072250085,1.5092610635778323,-0.07109072044731157
2025-09-03,0.0003480480999999997,0.009182182,-0.0088341339,0.01268271694,0.0,0.0,0.0003480480999999997,1.4024545590389166,1.5092610635778323,-0.07076741533749087
2025-09-04,0.029431883500000006,0.033512045000000004,-0.0040801615,0.0020689770370000008,0.0,0.0,0.029431883500000006,1.4437314382345938,1.5092610635778323,-0.04341835016130002
2025-09-05,0.0057542054,0.0022645176499999998,0.00348968775,0.003850755685,1.0,0.001,0.0047542054,1.4505952340343986,1.5092610635778323,-0.03887056451609594
2025-09-08,0.014756458399999998,0.01922057725,-0.0044641188500000005,0.0051825410200000005,0.0,0.0,0.014756458399999998,1.4720008822606654,1.5092610635778323,-0.024687697984362322
2025-09-09,-0.006433504,0.0031078814999999996,-0.0095413855,0.008294418040000001,1.0,0.001,-0.007433504,1.4610587578143772,1.5092610635778323,-0.03193768588264467
2025-09-10,-0.0218991225,0.0067202414,-0.0286193639,0.00636966516,0.0,0.0,-0.0218991225,1.4290628530973022,1.5092610635778323,-0.05313740108713427
2025-09-11,-0.026253855915000002,0.0106157572,-0.036869613115,0.011800753203,0.0,0.0,-0.026253855915000002,1.3915444428586068,1.5092610635778323,-0.07799619533029511
2025-09-12,-0.01323158048,0.00542115212,-0.0186527326,0.014839124043999999,0.0,0.0,-0.01323158048,1.3731321105714265,1.5092610635778323,-0.09019576287464837
2025-09-15,-0.0295001145,-0.0050101695,-0.024489945,0.004463447047,0.0,0.0,-0.0295001145,1.3326245560859427,1.5092610635778323,-0.11703509204243145
2025-09-16,-0.019047468300000002,-0.01135967765,-0.00768779065,-0.00566385474,0.0,0.0,-0.019047468300000002,1.307241432098094,1.5092610635778323,-0.1338533381367657
2025-09-17,0.022230494150000002,0.015147950500000002,0.00708254365,0.0010817762200000004,1.0,0.001,0.02123049415,1.3349948136748904,1.5092610635778323,-0.11546461649903617
2025-09-18,0.02270141765,0.017236333,0.00546508465,0.00786117145,0.0,0.0,0.02270141765,1.365301088500708,1.5092610635778323,-0.09538440933197789
2025-09-19,0.0351820539,0.0411889905,-0.006006936599999999,0.0022542512699999994,1.0,0.001,0.0341820539,1.4119698838975678,1.5092610635778323,-0.06446279045298331
2025-09-22,-0.016315469800000003,-0.017327588300000002,0.001012118499999999,-0.009202398208,0.0,0.0,-0.016315469800000003,1.3889329318983277,1.5092610635778323,-0.07972651954212384
2025-09-23,-0.0308236862,-0.0082574345,-0.022566251699999998,0.0020427276699999997,0.0,0.0,-0.0308236862,1.3461208990526476,1.5092610635778323,-0.10809274052193918
2025-09-24,0.0284818815,0.011070817,0.017411064499999997,-0.0058425513024,0.0,0.0,0.0284818815,1.3844609549841387,1.5092610635778323,-0.08268954364849534
2025-09-25,-0.028476303,-0.0013376735000000001,-0.0271386295,0.00676278097,0.0,0.0,-0.028476303,1.345036625338341,1.5092610635778323,-0.10881115414862896
2025-09-26,0.009966648250000001,0.00036049450000000087,0.009606153749999999,-0.0017250351999999996,1.0,0.001,0.00896664825,1.3570970956411168,1.5092610635778323,-0.10082017724355641
2025-09-29,0.0208016368,0.0160701408,0.004731496,0.00014209508999999993,0.0,0.0,0.0208016368,1.385326936526978,1.5092610635778323,-0.08211576515268859
2025-09-30,-0.0061590616000000015,0.0070428628,-0.013201924400000002,0.0021172855500000004,0.0,0.0,-0.0061590616000000015,1.376794622588769,1.5092610635778323,-0.08776907069678208
2025-10-01,0.0374518994,0.0087966626,0.0286552368,-0.0020533421499999995,1.0,0.001,0.0364518994,1.426981401665836,1.5092610635778323,-0.05451652063225254
2025-10-02,-0.00218598665,-0.00041090215000000004,-0.0017750845000000003,-0.0025068671,0.0,0.0,-0.00218598665,1.423862039371996,1.5092610635778323,-0.056583334895946025
2025-10-03,-0.025296227500000004,0.006096814999999999,-0.0313930425,0.00960430902,0.0,0.0,-0.025296227500000004,1.3878437012954281,1.5092610635778323,-0.08044821748370956
2025-10-06,0.014023813299999998,-0.0079528358,0.0219766491,-0.007649594963,0.0,0.0,0.014023813299999998,1.407306562251976,1.5092610635778323,-0.06755259496601895
2025-10-07,0.005776019249999999,0.011190933,-0.00541491375,0.0073318242500000005,0.0,0.0,0.005776019249999999,1.4154351920461947,1.5092610635778323,-0.06216676080493011
2025-10-08,0.0014472246500000009,-0.007010535599999999,0.00845776025,0.0005066322600000002,0.0,0.0,0.0014472246500000009,1.4174836447466013,1.5092610635778323,-0.06080950542357777
2025-10-09,-0.0048497365,-0.039816874,0.0349671375,-0.035842543399999996,0.0,0.0,-0.0048497365,1.4106092225765208,1.5092610635778323,-0.0653643318455781
2025-10-10,0.031498345,0.0654152985,-0.0339169535,0.029800444500000002,0.0,0.0,0.031498345,1.4550410785294177,1.5092610635778323,-0.035924855120744614
2025-10-13,0.010300969105,0.002884369265,0.0074165998399999995,-0.013495658725000002,1.0,0.001,0.009300969105000001,1.4685743706473255,1.5092610635778323,-0.02695802198332442
2025-10-14,0.01067875935,0.014535133300000001,-0.00385637395,0.00770420213,0.0,0.0,0.01067875935,1.4842569229390459,1.5092610635778323,-0.016567140862636442
2025-10-15,0.00876576545,-0.00293351005,0.0116992755,-0.004990288460000001,0.0,0.0,0.00876576545,1.4972675709930683,1.5092610635778323,-0.007946599083615391
2025-10-16,-0.0061071365000000015,0.013438377999999999,-0.0195455145,0.00608247445,0.0,0.0,-0.0061071365000000015,1.4881235535599902,1.5092610635778323,-0.014005204618301015
2025-10-17,0.014843718,0.0261346625,-0.0112909445,0.013122787944999997,0.0,0.0,0.014843718,1.5102128399381927,1.5102128399381927,0.0
2025-10-20,-0.011654093225,-0.0108585144,-0.0007955788250000001,-0.004797370025,1.0,0.001,-0.012654093225,1.4911024658720229,1.5102128399381927,-0.012654093224999885
2025-10-21,-0.014732344294999998,-0.0057645653,-0.008967778995,-0.0036382924309999996,0.0,0.0,-0.014732344294999998,1.4691350309656728,1.5102128399381927,-0.027200013061868145
2025-10-22,0.002037533779999999,0.007975455999999999,-0.00593792222,0.0082634710474,1.0,0.001,0.0010375337799999988,1.4706593081876809,1.5102128399381927,-0.026190700214236418
2025-10-23,0.024340845500000003,0.024767344,-0.0004264984999999997,0.009746398869999999,0.0,0.0,0.024340845500000003,1.5064563991914142,1.5102128399381927,-0.0024873585016879085
2025-10-24,0.021205000150000004,0.032025793000000004,-0.01082079285,0.02137296937,0.0,0.0,0.021205000150000004,1.5384008073622364,1.5384008073622364,0.0
2025-10-27,0.02507902602,0.0215675485,0.00351147752,0.011882278575999997,0.0,0.0,0.02507902602,1.576982401239263,1.576982401239263,0.0
2025-10-28,0.021895317679999998,0.028220574499999998,-0.00632525682,0.011277293770999999,0.0,0.0,0.021895317679999998,1.6115109318901661,1.6115109318901661,0.0
2025-10-29,0.066791819,0.002561151000000001,0.064230668,-0.02366646924,0.0,0.0,0.066791819,1.7191466783694955,1.7191466783694955,0.0
2025-10-30,-0.0187625524,-0.00150091245,-0.01726163995,0.006852238370000001,1.0,0.001,-0.0197625524,1.6851719520549324,1.7191466783694955,-0.019762552400000022
2025-10-31,0.0050283412000000005,0.015338725000000001,-0.0103103838,0.004370144130000001,0.0,0.0,0.0050283412000000005,1.6936455716105348,1.7191466783694955,-0.014833584056450078
2025-11-03,0.003911105149999998,-0.0090511531,0.012962258249999999,-0.017535452301000003,2.0,0.002,0.0019111051499999983,1.6968823063847145,1.7191466783694955,-0.012950827445333157
2025-11-04,0.004394822130000001,0.012381560480000001,-0.007986738350000001,0.007451469016,0.0,0.0,0.004394822130000001,1.7043398022968197,1.7191466783694955,-0.008612921898391579
2025-11-05,-0.01294342285,-0.01405861085,0.001115188,-0.014316810359999998,1.0,0.001,-0.013943422850000001,1.6805754717533097,1.7191466783694955,-0.022436251136388363
2025-11-06,0.00632865675,-0.00017178224999999997,0.0065004389999999985,-0.00434916109,1.0,0.001,0.00532865675,1.6895306815847524,1.7191466783694955,-0.017227149467450964
2025-11-07,0.008687165300000004,0.031240558300000002,-0.022553392999999998,0.02331458476,1.0,0.001,0.007687165300000004,1.702518383213516,1.7191466783694955,-0.00967241211305514
2025-11-10,-0.0042923977499999995,-0.0039946645,-0.0002977332500000004,-0.00244654314,0.0,0.0,-0.0042923977499999995,1.6952104971360766,1.7191466783694955,-0.013923292023063971
2025-11-11,0.015611528449999999,-0.00157671905,0.0171882475,-0.007253262839999999,0.0,0.0,0.015611528449999999,1.721675324040855,1.721675324040855,0.0
2025-11-12,0.0115291868,-0.0188558432,0.03038503,-0.02449100589,0.0,0.0,0.0115291868,1.7415248404606727,1.7415248404606727,0.0
2025-11-13,0.00745361635,0.00786774235,-0.0004141259999999999,0.0015992497,1.0,0.001,0.00645361635,1.7527639736450007,1.7527639736450007,0.0
2025-11-14,-0.007846182,-0.018471918,0.010625736,-0.00433572556,0.0,0.0,-0.007846182,1.7390114685047389,1.7527639736450007,-0.00784618199999998
2025-11-17,0.0023441810600000014,-0.01407820494,0.016422386,-0.012599614347999999,0.0,0.0,0.0023441810600000014,1.7430880262523305,1.7527639736450007,-0.0055203938112377005
2025-11-18,0.0199625505,0.016319839,0.0036427115,0.008392325634,1.0,0.001,0.018962550499999998,1.7761414209760855,1.7761414209760855,0.0
2025-11-19,-0.007815190250000003,-0.020063096500000002,0.01224790625,-0.01565703092,0.0,0.0,-0.007815190250000003,1.762260537860252,1.7761414209760855,-0.007815190249999993
2025-11-20,0.009949864235000001,0.004968767,0.004981097235,0.0026771155329999995,0.0,0.0,0.009949864235000001,1.7797947909586596,1.7797947909586596,0.0
2025-11-21,-0.010965211499999999,0.0184170455,-0.029382257,0.033061147139,0.0,0.0,-0.010965211499999999,1.7602789646491996,1.7797947909586596,-0.01096521149999996
2025-11-24,-0.0066967493000000015,-0.011052710200000001,0.004355960900000001,0.007900586309999999,0.0,0.0,-0.0066967493000000015,1.7484908177248804,1.7797947909586596,-0.017588529527562957
2025-11-25,-0.0017871880000000005,0.007907939249999999,-0.00969512725,0.008381680899999999,0.0,0.0,-0.0017871880000000005,1.7453659359173324,1.7797947909586596,-0.019344283518653693
2025-11-26,-0.0159184942,-0.006700572700000001,-0.0092179215,0.00907517985,0.0,0.0,-0.0159184942,1.7175823383895548,1.7797947909586596,-0.03495484585365882
2025-11-28,0.012841550515000001,0.0158691735,-0.0030276229849999997,-0.0052713526330000005,0.0,0.0,0.012841550515000001,1.739638758751656,1.7797947909586596,-0.022562169757432637
2025-12-01,0.01614213285,0.0097371035,0.00640502935,0.0013265255399999999,0.0,0.0,0.01614213285,1.7677202387064344,1.7797947909586596,-0.006784238449041302
2025-12-02,-0.03958863,-0.0087166855,-0.0308719445,0.0022360986400000006,0.0,0.0,-0.03958863,1.6977386162327737,1.7797947909586596,-0.046104289743250426
2025-12-03,0.006759160700000001,0.0045095695,0.0022495912,0.005511336989999999,1.0,0.001,0.005759160700000001,1.707516165750254,1.7797947909586596,-0.04061065105684114
2025-12-04,-0.015589549000000003,-0.00606488925,-0.009524659750000001,0.00407234546,0.0,0.0,-0.015589549000000003,1.6808967588159984,1.7797947909586596,-0.05556709832226847
2025-12-05,-0.004501116999999999,0.007010777650000001,-0.01151189465,-0.00242313803,0.0,0.0,-0.004501116999999999,1.6733308458396468,1.7797947909586596,-0.059818101311369554
2025-12-08,-0.01909639045,-0.0028404884500000003,-0.016255902,-0.00045584502000000065,0.0,0.0,-0.01909639045,1.641376266655464,1.7797947909586596,-0.07777218194274993
2025-12-09,-0.014005703349999999,-0.00033046585000000035,-0.0136752375,0.006179599279999999,0.0,0.0,-0.014005703349999999,1.6183876375789572,1.7797947909586596,-0.0906886311835775
2025-12-10,-0.0011082069000000003,-0.0090990814,0.0079908745,-0.0037377089200000004,0.0,0.0,-0.0011082069000000003,1.6165941292321175,1.7797947909586596,-0.09169633631674834
2025-12-11,-0.0263754703,-0.01588260155,-0.01049286875,-0.017248872339999995,1.0,0.001,-0.0273754703,1.5723391046601694,1.7797947909586596,-0.1165615762852904
2025-12-12,-0.017215910799999998,-0.0038643897999999996,-0.013351520999999998,-0.00536542579,0.0,0.0,-0.017215910799999998,1.545269854886988,1.7797947909586596,-0.13177077338525534
2025-12-15,0.002718556799999999,0.0049679433,-0.0022493865000000005,0.0017782379390000002,0.0,0.0,0.002718556799999999,1.5494707587588263,1.7797947909586596,-0.129410442917283
2025-12-16,-0.009923758000000001,-0.021108303000000002,0.011184545,-0.016731612763,1.0,0.001,-0.010923758000000002,1.5325447151620686,1.7797947909586596,-0.13892055255618174
2025-12-17,-0.0032176492499999985,0.01031613445,-0.0135337837,0.013631088029999999,0.0,0.0,-0.0032176492499999985,1.5276135238087358,1.7797947909586596,-0.1416912041944398
2025-12-18,0.012089534300000001,0.0104884455,0.0016010888,0.01003923274,0.0,0.0,0.012089534300000001,1.5460816599019656,1.7797947909586596,-0.13131465056755665
2025-12-19,-0.01474822,-0.0006681309999999998,-0.014080089,0.007223714099999999,0.0,0.0,-0.01474822,1.5232797074437663,1.7797947909586596,-0.14412621321176322
2025-12-22,0.0078096332500000015,0.00994101785,-0.0021313846000000003,0.01114558977,0.0,0.0,0.0078096332500000015,1.5351759632960693,1.7797947909586596,-0.13744215282865846
2025-12-23,0.0032504365500000006,0.0022482895000000003,0.00100214705,0.00192006158,0.0,0.0,0.0032504365500000006,1.5401659553578482,1.7797947909586596,-0.13463846327572349
2025-12-24,0.00930656015,-0.0016718501,0.010978410249999999,-0.001990897466,0.0,0.0,0.00930656015,1.554499602462368,1.7797947909586596,-0.1265849240827026
2025-12-26,0.01113912443,0.00073813793,0.0104009865,-0.006203860064,0.0,0.0,0.01113912443,1.571815366960582,1.7797947909586596,-0.11685584487302181
2025-12-29,0.0029796126500000004,-0.00077966385,0.0037592765000000004,0.0001390640799999999,0.0,0.0,0.0029796126500000004,1.5764987679114422,1.7797947909586596,-0.11422441737663203
2025-12-30,0.0042805528,-0.0035879167,0.0078684695,-0.0066958989099999994,0.0,0.0,0.0042805528,1.5832470541266221,1.7797947909586596,-0.11043280822626178
2025-12-31,0.0052259012,0.0018712467,0.0033546545,-0.0031321382300000004,0.0,0.0,0.0052259012,1.5915209468066789,1.7797947909586596,-0.10578401797129089
2026-01-02,-0.0312835115,-0.0047131955,-0.026570316,0.009572274192000001,0.0,0.0,-0.0312835115,1.5417325829647612,1.7797947909586596,-0.13375823392856978
2026-01-05,0.02526020735,-0.01264234565,0.037902553,-0.00500079298,0.0,0.0,0.02526020735,1.580677067688702,1.7797947909586596,-0.11187678730237527
2026-01-06,0.0278874292,0.0082838762,0.019603553000000003,-0.0026809949,1.0,0.001,0.0268874292,1.6231774104342458,1.7797947909586596,-0.08799743730009135
2026-01-07,-0.013728865249999998,0.0028953815,-0.01662424675,0.0012669200500000002,0.0,0.0,-0.013728865249999998,1.6008930264895502,1.7797947909586596,-0.10051819759105296
2026-01-08,-0.0068872912,0.00544579055,-0.01233308175,0.009833825105999998,0.0,0.0,-0.0068872912,1.5898672100360673,1.7797947909586596,-0.10671319069334428
2026-01-09,0.017521022,0.006702909,0.010818113,-2.7176363000000307e-05,0.0,0.0,0.017521022,1.6177233084001879,1.7797947909586596,-0.09106189285517252
2026-01-12,0.006084701750000003,0.00772935225,-0.001644650499999999,-0.0044879255800000005,0.0,0.0,0.006084701750000003,1.6275666722458264,1.7797947909586596,-0.08553127556398665
2026-01-13,-0.011398505000000001,-0.0092725285,-0.0021259765000000014,-0.013233824951999998,1.0,0.001,-0.012398505,1.6073872787221533,1.7797947909586596,-0.0968693206162502
2026-01-14,0.00818540015,0.00730901365,0.0008763865,0.0018700106,1.0,0.001,0.007185400149999999,1.6189369995157916,1.7797947909586596,-0.09037996529713643
2026-01-15,-0.012297542549999999,-0.0073814894999999995,-0.00491605305,0.00261103304,0.0,0.0,-0.012297542549999999,1.5990280528784768,1.7797947909586596,-0.10156605637822747
2026-01-16,-0.024401543900000006,-0.039186224500000005,0.014784680599999999,-0.029698996220000003,0.0,0.0,-0.024401543900000006,1.560009299648831,1.7797947909586596,-0.12348923169476433
2026-01-20,0.003923236099999996,0.016666887499999998,-0.0127436514,0.00857027918,0.0,0.0,0.003923236099999996,1.5661295844495489,1.7797947909586596,-0.12005047300651062
2026-01-21,-0.015320913774999998,0.005558971100000001,-0.020879884875,0.014014287495,1.0,0.001,-0.016320913774999998,1.5405689185412712,1.7797947909586596,-0.1344120533629234
2026-01-22,0.0023889364000000005,0.00703115465,-0.00464221825,0.004985503279999999,0.0,0.0,0.0023889364000000005,1.5442492397074832,1.7797947909586596,-0.13234421880980074
2026-01-23,0.027573250870000003,0.011659392250000001,0.01591385862,0.006073700646,0.0,0.0,0.027573250870000003,1.5868292113997442,1.7797947909586596,-0.1084201282862376
2026-01-26,0.00326285765,0.0110956925,-0.00783283485,0.01020225212,1.0,0.001,0.00226285765,1.5904199800200034,1.7797947909586596,-0.10640260995294426
2026-01-27,0.00691435965,0.0044139205,0.00250043915,0.0011915610599999998,1.0,0.001,0.00591435965,1.5998262957763876,1.7797947909586596,-0.10111755360590458
2026-01-28,-0.0565002785,0.0061721065,-0.062672385,0.0015876142999999994,1.0,0.001,-0.0575002785,1.5078358382176218,1.7797947909586596,-0.15280354461232648
2026-01-29,0.01034211275,-0.00126107975,0.0116031925,-0.0010682811200000003,0.0,0.0,0.01034211275,1.5234300464649593,1.7797947909586596,-0.14404174334930675
2026-01-30,0.0228818795,0.005850191500000001,0.017031688,-0.00207504608,1.0,0.001,0.0218818795,1.5567655591683849,1.7797947909586596,-0.12531176792024623
2026-02-02,-0.004943966835000001,-0.0151779484,0.010233981565,-0.008125891493000002,0.0,0.0,-0.004943966835000001,1.5490689618739861,1.7797947909586596,-0.12963619753061328
2026-02-03,0.008447654500000002,-0.026868248499999997,0.035315902999999996,-0.011849580799999999,1.0,0.001,0.007447654500000002,1.5606058922986972,1.7797947909586596,-0.12315402864051517
2026-02-04,0.0006072918500000002,-0.0093180743,0.00992536615,-0.015899018339999998,0.0,0.0,0.0006072918500000002,1.561553635538152,1.7797947909586596,-0.12262152722840325
2026-02-05,0.015725429,0.026694647499999998,-0.0109692185,0.017873156,0.0,0.0,0.015725429,1.586109736363499,1.7797947909586596,-0.10882437434870507
2026-02-06,0.0032991873500000015,0.014746941500000001,-0.01144775415,0.01268809611,1.0,0.001,0.0022991873500000015,1.589756499805058,1.7797947909586596,-0.10677539462357921
2026-02-09,-0.0020669349999999998,-0.0127958825,0.010728947499999999,-0.004845975739999999,0.0,0.0,-0.0020669349999999998,1.5864705764541334,1.7797947909586596,-0.10862163182329299
2026-02-10,0.01027904115,-0.0029533959999999996,0.01323243715,-0.00309755505,1.0,0.001,0.00927904115,1.6011915022163157,1.7797947909586596,-0.10035049526476136
2026-02-11,0.013148383999999999,-0.014127530000000001,0.027275914,-0.0245142604,1.0,0.001,0.012148383999999998,1.6206433914427765,1.7797947909586596,-0.08942120761582772
2026-02-12,0.0005375409999999999,-0.0073365647,0.0078741057,-0.01036430768,0.0,0.0,0.0005375409999999999,1.6215145537120559,1.7797947909586596,-0.08893173418119082
2026-02-13,-0.00730930932,-0.00011541450000000005,-0.00719389482,0.003765448464,0.0,0.0,-0.00730930932,1.6096624022720927,1.7797947909586596,-0.09559101394769653
2026-02-17,0.0054568919,0.01121676765,-0.00575987575,0.00942221341,0.0,0.0,0.0054568919,1.6184461559967858,1.7797947909586596,-0.09065575187742059
2026-02-18,-0.00255253558,-0.00062028763,-0.0019322479499999999,-0.0012131448590000002,1.0,0.001,-0.00355253558,1.612696568443293,1.7797947909586596,-0.09388622967334437
2026-02-19,0.0264090815,0.032840087000000004,-0.0064310055,0.00857440619,0.0,0.0,0.0264090815,1.6552864035540822,1.7797947909586596,-0.06995659726451542
2026-02-20,0.0004534925000000017,-0.0170578845,0.017511377,-0.013380111300000002,0.0,0.0,0.0004534925000000017,1.6560370635234458,1.7797947909586596,-0.06953482955670043
2026-02-23,0.0127992764,0.00706678725,0.005732489150000001,0.00563213924,0.0,0.0,0.0127992764,1.6772331396281268,1.7797947909586596,-0.05762554865962355
2026-02-24,-0.01467457615,0.00705640835,-0.0217309845,0.014985244109999999,1.0,0.001,-0.01567457615,1.6509432210597221,1.7797947909586596,-0.07239686875897278
2026-02-25,0.0022699634999999996,-0.0111545938,0.013424557299999999,-0.012912540810000001,0.0,0.0,0.0022699634999999996,1.6546908019121003,1.7797947909586596,-0.07029124350856986
2026-02-26,-0.020308316,-0.013698374499999999,-0.0066099415,-0.009924099169999999,2.0,0.002,-0.022308316,1.6177774366207516,1.7797947909586596,-0.09103148023634777
2026-02-27,-0.0032658210000000003,0.006523572,-0.009789393,0.003240037,0.0,0.0,-0.0032658210000000003,1.6124940650949093,1.7797947909586596,-0.09400000871653091
2026-03-02,-0.004868377900000001,-0.011454146,0.006585768099999999,-0.00581605918,0.0,0.0,-0.004868377900000001,1.60464383462452,1.7797947909586596,-0.09841075905149554
2026-03-03,0.00452616365,0.007562228650000001,-0.003036065000000001,0.01017219741,0.0,0.0,0.00452616365,1.6119067152199942,1.7797947909586596,-0.09433001860188328
2026-03-04,0.0122228549,-0.0028917886,0.0151146435,0.00321031481,1.0,0.001,0.011222854899999999,1.6299969103972438,1.7797947909586596,-0.08416581581336657
2026-03-05,0.003789517499999999,-0.0189758525,0.02276537,-0.014247590950000003,1.0,0.001,0.002789517499999999,1.6345438153037426,1.7797947909586596,-0.08161108032947983
2026-03-06,0.0138616633,0.018280911,-0.0044192477,0.01174323298,1.0,0.001,0.0128616633,1.6555667675052768,1.7797947909586596,-0.06979907126622686
2026-03-09,0.0017697229000000004,0.007631251,-0.0058615281,-0.0004403352899999999,0.0,0.0,0.0017697229000000004,1.6584966619262098,1.7797947909586596,-0.06815287338104548
2026-03-10,-0.007950808565,0.003398525635,-0.0113493342,0.004104622216999999,0.0,0.0,-0.007950808565,1.6453102724615432,1.7797947909586596,-0.07556181149663799
2026-03-11,0.010992088500000002,-0.017448889,0.0284409775,-0.015022719640000001,0.0,0.0,0.010992088500000002,1.6633956685863998,1.7797947909586596,-0.06540030511582917
2026-03-12,0.020808043999999998,-0.0189161485,0.0397241925,-0.01368750543,1.0,0.001,0.019808043999999997,1.6963442831791684,1.7797947909586596,-0.04688771323717711
2026-03-13,-0.0022794805,0.013636038999999999,-0.0159155195,0.01285276816,0.0,0.0,-0.0022794805,1.692477499464375,1.7797947909586596,-0.04906031410916334
2026-03-16,0.0086403928,-0.0007319042000000003,0.009372297,0.0034302870299999996,0.0,0.0,0.0086403928,1.707101169864909,1.7797947909586596,-0.04084382169395784
2026-03-17,0.001334829,-0.0126421205,0.013976949499999999,-0.01284465716,0.0,0.0,0.001334829,1.7093798580123785,1.7797947909586596,-0.039563512211625906
2026-03-18,-0.0059555643000000005,-0.0070602123,0.0011046479999999997,-0.005786596070000001,0.0,0.0,-0.0059555643000000005,1.6991995363548609,1.7797947909586596,-0.04528345347071572
2026-03-19,0.006974852500000003,-0.018357232499999997,0.025332085,-0.0169752971,0.0,0.0,0.006974852500000003,1.7110512024890043,1.7797947909586596,-0.038624446379364574
2026-03-20,-0.010706090500000003,0.015568651,-0.026274741500000004,0.01750532455,1.0,0.001,-0.011706090500000002,1.6910214822625342,1.7797947909586596,-0.04987839561453533
2026-03-23,0.005404577425,-0.000954363075,0.0063589405,-0.007180459464999999,0.0,0.0,0.005404577425,1.7001607387907605,1.7797947909586596,-0.04474338984046888
2026-03-24,0.0064057101999999986,0.0118787302,-0.00547302,0.00525421343,0.0,0.0,0.0064057101999999986,1.7110514757768718,1.7797947909586596,-0.038624292829152695
2026-03-25,0.03744225725,-0.02028488125,0.0577271385,-0.02526814165,0.0,0.0,0.03744225725,1.7751171053009014,1.7797947909586596,-0.002628216287361207
2026-03-26,0.009984908000000002,-0.018948522,0.028933430000000003,-0.021832416599999998,1.0,0.001,0.008984908000000003,1.7910663691812563,1.7910663691812563,0.0
2026-03-27,-0.003967848350000002,-0.011375010000000001,0.00740716165,-0.00275054603,0.0,0.0,-0.003967848350000002,1.78395968944356,1.7910663691812563,-0.0039678483499999695
2026-03-30,0.0121587545,0.053644743,-0.0414859885,0.0397915848,1.0,0.001,0.0111587545,1.803866457655957,1.803866457655957,0.0
2026-03-31,0.006097971750000002,0.02096253815,-0.0148645664,0.00607153513,0.0,0.0,0.006097971750000002,1.8148663843555157,1.8148663843555157,0.0
2026-04-01,0.030369794800000002,0.0019419508500000005,0.02842784395,-0.004997726265,0.0,0.0,0.030369794800000002,1.8699835040378106,1.8699835040378106,0.0
2026-04-02,0.014603660800000001,0.0078385663,0.0067650945,0.004026835041999999,0.0,0.0,0.014603660800000001,1.8972921088323742,1.8972921088323742,0.0
2026-04-06,0.0053404113,0.01041173815,-0.00507132685,0.006124521470000001,1.0,0.001,0.0043404113,1.9055271369409512,1.9055271369409512,0.0
2026-04-07,-0.028439034,0.021824441,-0.050263475,0.021663364139999995,1.0,0.001,-0.029439034,1.8494302587686238,1.9055271369409512,-0.02943903400000003
2026-04-08,-0.0065925064999999995,0.0033422835000000003,-0.00993479,0.01178557514,2.0,0.002,-0.0085925065,1.8335390172488577,1.9055271369409512,-0.037778585409001364
2026-04-09,0.00945537705,0.0098838625,-0.00042848545,0.0077107035009999995,1.0,0.001,0.00845537705,1.8490422809755833,1.9055271369409512,-0.029642640543049992
2026-04-10,0.010147879500000002,0.0200028595,-0.00985498,0.010683199887000002,0.0,0.0,0.010147879500000002,1.8678061392333287,1.9055271369409512,-0.019795570987342748
2026-04-13,0.0003512791999999987,0.0183026647,-0.0179513855,0.01832715981,1.0,0.001,-0.0006487208000000013,1.8665944545404403,1.9055271369409512,-0.020431449988695394
2026-04-14,0.0221665335,0.020686254,0.001480279499999999,0.021155302600000002,0.0,0.0,0.0221665335,1.9079703830479253,1.9079703830479253,0.0
2026-04-15,-0.01750224715,-0.00699367365,-0.0105085735,0.004714023239999999,0.0,0.0,-0.01750224715,1.8745766138489404,1.9079703830479253,-0.01750224715000004
2026-04-16,0.01218287215,0.021359293,-0.00917642085,0.01013165641,0.0,0.0,0.01218287215,1.8974143410708417,1.9079703830479253,-0.00553260263936628
2026-04-17,0.0081729734,0.0061598034,0.00201317,-0.0053236197200000005,0.0,0.0,0.0081729734,1.9129218580091922,1.9129218580091922,0.0
2026-04-20,-0.010156496849999998,-0.017992731499999998,0.00783623465,-0.005025926749999999,0.0,0.0,-0.010156496849999998,1.8934932731840257,1.9129218580091922,-0.010156496849999974
2026-04-21,0.015275863230000002,0.0197034285,-0.00442756527,0.017330706844,0.0,0.0,0.015275863230000002,1.9224180174521102,1.9224180174521102,0.0
2026-04-22,0.00815808027,-0.00658593703,0.014744017299999999,-0.011763001426,1.0,0.001,0.00715808027,1.9361788399335267,1.9361788399335267,0.0
2026-04-23,0.0018766191499999998,0.0172800665,-0.015403447349999998,0.012309226990000002,0.0,0.0,0.0018766191499999998,1.9398123102223706,1.9398123102223706,0.0
2026-04-24,0.01639219785,0.013658203,0.0027339948500000005,0.00410250406,0.0,0.0,0.01639219785,1.971610097403401,1.971610097403401,0.0
2026-04-27,0.025178507,-0.0021485285,0.0273270355,-0.0047142534229999995,0.0,0.0,0.025178507,2.021252296042143,2.021252296042143,0.0
2026-04-28,-0.015566496850000002,-0.0101918965,-0.00537460035,0.00041957378600000013,0.0,0.0,-0.015566496850000002,1.9897884785427475,2.021252296042143,-0.01556649685
2026-04-29,0.007030141,-0.0209463535,0.0279764945,0.0004511033800000001,0.0,0.0,0.007030141,2.0037769721070786,2.021252296042143,-0.00864579051773151
2026-04-30,0.0113612586,0.0133907395,-0.0020294809,0.0072975374999999995,0.0,0.0,0.0113612586,2.0265424004639123,2.0265424004639123,0.0
2026-05-01,-0.001522582485,-0.005832313185,0.0043097307,-0.001940855257,0.0,0.0,-0.001522582485,2.023456822499856,2.0265424004639123,-0.0015225824850000347
2026-05-04,-0.0002855327499999994,0.008287470000000002,-0.008573002750000001,0.00527664575,0.0,0.0,-0.0002855327499999994,2.0228790593088215,2.0265424004639123,-0.001807680487835972
2026-05-05,0.0303890115,0.034688548,-0.004299536499999999,0.01161012374,0.0,0.0,0.0303890115,2.0843523543052664,2.0843523543052664,0.0
2026-05-06,0.023907697710000002,0.00870759378,0.01520010393,-0.0012855312900000003,1.0,0.001,0.02290769771,2.1321000679588185,2.1321000679588185,0.0
2026-05-07,-0.005691336499999998,0.018975226,-0.0246665625,0.00806703881,0.0,0.0,-0.005691336499999998,2.119965569020392,2.1321000679588185,-0.005691336500000088
2026-05-08,0.02621524885,0.00921999645,0.0169952524,0.001458951930000001,0.0,0.0,0.02621524885,2.175540993965693,2.175540993965693,0.0
2026-05-11,-0.00438559115,-0.002871755,-0.0015138361499999998,-0.003134277530000001,2.0,0.002,-0.00638559115,2.1616488786481636,2.175540993965693,-0.006385591150000036
2026-05-12,-0.025047883,0.0082977175,-0.033345600499999996,0.01209783236,1.0,0.001,-0.026047883,2.105342501570055,2.175540993965693,-0.03226714301883893
2026-05-13,0.031285493750000004,0.0271484775,0.00413701625,0.00979953983,0.0,0.0,0.031285493750000004,2.171209181244534,2.175540993965693,-0.0019911427700852746
2026-05-14,0.0408536775,0.011751804000000001,0.0291018735,-0.0082983589,1.0,0.001,0.0398536775,2.257739851738893,2.257739851738893,0.0
2026-05-15,0.02112663974,0.006822318,0.01430432174,-0.0032692532980000007,0.0,0.0,0.02112663974,2.3054383082132217,2.3054383082132217,0.0
2026-05-18,0.0012149559999999988,-0.0176454075,0.0188603635,-0.01177835684,1.0,0.001,0.0002149559999999988,2.305933876010202,2.305933876010202,0.0
2026-05-19,-0.0025909220000000024,0.0152916975,-0.017882619500000002,0.009328910150000001,0.0,0.0,-0.0025909220000000024,2.299959381200302,2.305933876010202,-0.0025909220000001065
2026-05-20,0.00614778855,0.0052476925,0.00090009605,-0.00067189023,0.0,0.0,0.00614778855,2.3140990451495105,2.3140990451495105,0.0
2026-05-21,-0.01317897915,-0.004606009350000001,-0.0085729698,0.00042107976999999994,1.0,0.001,-0.01417897915,2.2812874830373007,2.3140990451495105,-0.014178979149999993
2026-05-22,0.01516379,0.007567868500000001,0.007595921499999998,0.0010121443400000006,1.0,0.001,0.014163789999999999,2.3135991598766696,2.3140990451495105,-0.00021601723309494503
2026-05-26,0.010753861349999998,0.012186045349999999,-0.0014321840000000004,0.002979613085,0.0,0.0,0.010753861349999998,2.3384792844614597,2.3384792844614597,0.0
2026-05-27,0.010750780750000001,0.009548664500000002,0.00120211625,0.005936527095,0.0,0.0,0.010750780750000001,2.363619762537122,2.363619762537122,0.0
2026-05-28,0.030453927999999998,0.0175336205,0.0129203075,0.0026946517699999997,0.0,0.0,0.030453927999999998,2.4356012686048043,2.4356012686048043,0.0
2026-05-29,0.0347493205,0.026087254,0.008662066500000001,-0.0025632978,2.0,0.002,0.0327493205,2.5153655551605496,2.5153655551605496,0.0
2026-06-01,-0.03277382555,-0.0227215415,-0.01005228405,8.261354999999954e-05,0.0,0.0,-0.03277382555,2.432927403261239,2.5153655551605496,-0.03277382554999997
2026-06-02,-0.031942682173,-0.022060714000000002,-0.009881968173000001,-0.0059831829224,0.0,0.0,-0.031942682173,2.355213176468883,2.5153655551605496,-0.06366962382986296
2026-06-03,0.035883648000000004,0.028081937,0.007801711,-0.002470166599999999,0.0,0.0,0.035883648000000004,2.4397268170582542,2.5153655551605496,-0.030070674199666247
2026-06-04,-0.0014093679999999977,-0.0359239175,0.034514549500000005,-0.03505821563,1.0,0.001,-0.0024093679999999977,2.433848617336492,2.5153655551605496,-0.03240759087951117
2026-06-05,0.002155459,0.0018421614999999999,0.0003132975000000003,0.00391165252,0.0,0.0,0.002155459,2.439094678243367,2.5153655551605496,-0.03032198511294093
2026-06-08,0.010269792549999998,0.00022903620000000002,0.010040756349999999,-0.01165893443,0.0,0.0,0.010269792549999998,2.4641436745987355,2.5153655551605496,-0.020363593059754992
2026-06-09,-0.0031449907,-0.0090439472,0.005898956499999999,-0.020813188439999998,1.0,0.001,-0.0041449907,2.45392982198406,2.5153655551605496,-0.0244241768559037
2026-06-10,0.02447285975,0.00889502985,0.0155778299,0.01022082339,0.0,0.0,0.02447285975,2.5139845023538183,2.5153655551605496,-0.0005490465606073913
2026-06-11,-0.01787131625,-0.00494149025,-0.012929826,0.0012917662899999999,1.0,0.001,-0.018871316250000002,2.4665423057623004,2.5153655551605496,-0.019410001579326264
2026-06-12,0.045298546149999994,0.022527817,0.02277072915,0.017968457570000002,0.0,0.0,0.045298546149999994,2.5782730862308014,2.5782730862308014,0.0
2026-06-15,-0.011677105200000003,0.0100362975,-0.021713402700000002,-0.0023321760169999995,0.0,0.0,-0.011677105200000003,2.548166320168556,2.5782730862308014,-0.011677105199999982
2026-06-16,-0.023994918749999997,-0.0244394555,0.0004445367500000002,-0.015482133649999999,1.0,0.001,-0.024994918749999998,2.484475110034456,2.5782730862308014,-0.03638015565429087
2026-06-17,0.026891453200000002,0.0041269077,0.0227645455,0.010721579139999998,0.0,0.0,0.026891453200000002,2.5512862561825123,2.5782730862308014,-0.010467017707477044
2026-06-18,-0.0295901488,-0.0175712519,-0.012018896900000001,-0.017510461,0.0,0.0,-0.0295901488,2.4757933162306767,2.5782730862308014,-0.03974744589602053
2026-06-22,-0.0041406845,0.004421285,-0.008561969499999999,-0.01111273158,0.0,0.0,-0.0041406845,2.4655418372209565,2.5782730862308014,-0.04372354876288442
2026-06-23,-0.0022523223500000005,-0.01341143635,0.011159114,-0.0075022852469999995,0.0,0.0,-0.0022523223500000005,2.459988642236124,2.5782730862308014,-0.04587739158678439
2026-06-24,-0.05274654225,-0.047868495,-0.00487804725,-0.017383013949999998,0.0,0.0,-0.05274654225,2.330232747383896,2.5782730862308014,-0.0962040600631322
2026-06-25,0.056950913500000006,0.044223025,0.012727888500000001,0.0042397031000000005,0.0,0.0,0.056950913500000006,2.4629416310150236,2.5782730862308014,-0.04473205566613647
2026-06-26,0.0039833413,0.00274234325,0.00124099805,0.01988324284,1.0,0.001,0.0029833413,2.4702894265023203,2.5782730862308014,-0.04188216535523914
2026-06-29,0.027354971,0.0266533215,0.0007016494999999997,0.01037271857,0.0,0.0,0.027354971,2.537864122125898,2.5782730862308014,-0.015672879773948822
2026-06-30,-0.006284187100000001,0.0024021779999999996,-0.0086863651,0.01542065062,0.0,0.0,-0.006284187100000001,2.521915709148082,2.5782730862308014,-0.02185857556505344
2026-07-01,0.0136737483,0.0172441925,-0.0035704442,-0.00897177184,0.0,0.0,0.0136737483,2.5563997497887887,2.5782730862308014,-0.008483715925526547
2026-07-02,0.00361455985,0.0083766481,-0.00476208825,0.01750564357,0.0,0.0,0.00361455985,2.565640009684925,2.5782730862308014,-0.004899820974489821
2026-07-06,0.0011851759999999996,0.0003301005,0.0008550755,0.0034957805099999997,1.0,0.001,0.00018517599999999957,2.5661151046393584,2.5782730862308014,-0.004715552303738657
2026-07-07,0.0355957065,0.0226491045,0.012946602,-0.0015546191999999983,0.0,0.0,0.0355957065,2.657457784749318,2.657457784749318,0.0
2026-07-08,-0.001612883800000001,0.0012327347000000003,-0.002845618500000001,0.011012873519999999,0.0,0.0,-0.001612883800000001,2.653171614139112,2.657457784749318,-0.00161288380000002
2026-07-09,0.0120933171,0.0187466481,-0.006653331,0.010096645260000002,0.0,0.0,0.0120933171,2.6852572597896147,2.6852572597896147,0.0
2026-07-10,-0.01878302735,-0.014454530350000001,-0.004328497000000001,-0.007421995320000001,0.0,0.0,-0.01878302735,2.6348199992372003,2.6852572597896147,-0.018783027350000037
2026-07-13,0.0126505941,0.016455897,-0.0038053029,0.009033727590000002,0.0,0.0,0.0126505941,2.6681520375741123,2.6852572597896147,-0.006370049704974123
2026-07-14,0.0116838646,0.00751439095,0.00416947365,0.01805032846,1.0,0.001,0.010683864599999999,2.6966582126757683,2.6966582126757683,0.0
2026-07-15,-0.018091975,-0.017419286,-0.0006726889999999998,-0.0141249662,0.0,0.0,-0.018091975,2.6478703397084935,2.6966582126757683,-0.018091975000000038
2026-07-16,0.01295641335,-0.01405258765,0.027009000999999998,-0.013117949649999999,1.0,0.001,0.01195641335,2.6795293719872535,2.6966582126757683,-0.006351876781417798
2026-07-17,0.0128099755,-0.00211011305,0.01492008855,0.00187927074,0.0,0.0,0.0128099755,2.7138540775939406,2.7138540775939406,0.0
2026-07-20,0.008163323599999998,0.0192473725,-0.0110840489,0.007402222079999998,0.0,0.0,0.008163323599999998,2.7360081466325195,2.7360081466325195,0.0
2026-07-21,0.035236601000000006,0.0158215805,0.0194150205,-0.0012208015999999994,0.0,0.0,0.035236601000000006,2.832415774028159,2.832415774028159,0.0
2026-07-22,0.0840619252,-0.005354149799999999,0.08941607500000001,-0.033712919460000004,0.0,0.0,0.0840619252,3.0705140969598137,3.0705140969598137,0.0
2026-07-23,0.0210684835,-0.0013721615,0.022440645000000002,-0.0029682023510000004,2.0,0.002,0.019068483499999997,3.129064144354209,3.129064144354209,0.0
2026-07-24,-0.01489909535,-0.01430608,-0.00059301535,-0.0016993190700000005,0.0,0.0,-0.01489909535,3.0824439193112094,3.129064144354209,-0.014899095350000002
2026-07-27,0.015620892499999999,0.01221965235,0.0034012401499999997,0.00218597656,0.0,0.0,0.015620892499999999,3.130594444412049,3.130594444412049,0.0
2026-07-28,0.007202430999999999,-0.0132706595,0.0204730905,-0.013911068769999998,0.0,0.0,0.007202430999999999,3.15314233488691,3.15314233488691,0.0
2026-07-29,0.024822265000000003,0.008707009000000002,0.016115256,0.02197362799,0.0,0.0,0.024822265000000003,3.231410469506192,3.231410469506192,0.0
2026-07-30,0.0300537912,0.0483100515,-0.0182562603,0.024356607750000002,0.0,0.0,0.0300537912,3.3285266050382254,3.3285266050382254,0.0
2026-07-31,0.036504504949999995,0.039071204,-0.00256669905,0.02582244005,1.0,0.001,0.035504504949999995,3.4467042943630117,3.4467042943630117,0.0
2026-08-03,-0.006862067999999999,0.022645533000000002,-0.029507601,0.01290381337,1.0,0.001,-0.007862068,3.419606070824838,3.4467042943630117,-0.007862067999999889
2026-08-04,0.027216293350000004,0.01979284825,0.0074234451,-0.0055108890699999994,0.0,0.0,0.027216293350000004,3.5126750727898477,3.5126750727898477,0.0
2026-08-05,-0.0115800746,0.0017423054000000001,-0.01332238,0.00286774623,0.0,0.0,-0.0115800746,3.471998033401381,3.5126750727898477,-0.01158007459999999
2026-08-06,0.01008448325,0.0128199505,-0.00273546725,0.00653574579,0.0,0.0,0.01008448325,3.5070113394132503,3.5126750727898477,-0.0016123704183373944
2026-08-07,-0.0377647015,-0.02197686,-0.015787841499999997,0.004011471429999999,0.0,0.0,-0.0377647015,3.374570103023194,3.5126750727898477,-0.0393161812307814
2026-08-10,0.0019011395530000002,-0.0055486457849999995,0.007449785338,-0.007060070514599999,0.0,0.0,0.0019011395530000002,3.3809856317204225,3.5126750727898477,-0.03748978722499219
2026-08-11,0.011424961079999999,-2.5433500000000657e-05,0.01145039458,-0.0061566404184,2.0,0.002,0.009424961079999999,3.4128512897114263,3.5126750727898477,-0.028418165930485295
2026-08-12,-0.00450048355,0.0021451091999999997,-0.00664559275,0.00818719819,1.0,0.001,-0.00550048355,3.394078957333772,3.5126750727898477,-0.033762335826263534
2026-08-13,0.031928704100000004,0.000725624,0.0312030801,-0.00646747869,0.0,0.0,0.031928704100000004,3.5024475000545188,3.5126750727898477,-0.0029116193565851267
2026-08-14,0.012755848299999999,-0.00314635695,0.01590220525,-0.00784094648,0.0,0.0,0.012755848299999999,3.5471241890439287,3.5471241890439287,0.0
2026-08-17,0.0249416045,0.010436748000000001,0.0145048565,-0.00643286807,0.0,0.0,0.0249416045,3.6355951576794454,3.6355951576794454,0.0
2026-08-18,0.022992071000000003,0.0027216645,0.0202704065,0.00229918555,0.0,0.0,0.022992071000000003,3.7191850196720675,3.7191850196720675,0.0
2026-08-19,-0.0165292523,-0.016718485499999998,0.00018923319999999966,-0.00794325998,0.0,0.0,-0.0165292523,3.6577096721315274,3.7191850196720675,-0.01652925230000002
2026-08-20,-0.00213152545,-0.0030893313,0.00095780585,0.00595456397,1.0,0.001,-0.00313152545,3.6462554612045364,3.7191850196720675,-0.01960901597575304
2026-08-21,0.007439510499999999,0.008440702,-0.0010011915,-0.0035529104000000004,0.0,0.0,0.007439510499999999,3.67338181699385,3.7191850196720675,-0.012315386955999319
2026-08-24,-0.0066653208149999995,-0.000288033815,-0.006377287,0.0020398691069999997,1.0,0.001,-0.0076653208149999996,3.6452241668906042,3.7191850196720675,-0.01988630637902078
2026-08-25,0.01941112385,0.00546134235,0.013949781500000001,-0.0033235238100000008,1.0,0.001,0.01841112385,3.71233684048824,3.7191850196720675,-0.0018413117786840738
2026-08-26,0.0167632584,0.0242300124,-0.007466754,0.01337445099,1.0,0.001,0.0157632584,3.7708553653726957,3.7708553653726957,0.0
2026-08-27,0.0121138759,0.0044370621999999995,0.0076768137,0.004338028,0.0,0.0,0.0121138759,3.8165350393056694,3.8165350393056694,0.0
2026-08-28,-0.03808876025,0.0029662792500000004,-0.0410550395,0.00199071938,1.0,0.001,-0.03908876025,3.667351416168526,3.8165350393056694,-0.039088760249999965
2026-08-31,-0.0041340375,-0.009066762499999999,0.004932724999999999,-0.00366061711,1.0,0.001,-0.0051340375,3.6485230964722386,3.8165350393056694,-0.04402211458904792
2026-09-01,0.0177400021,0.017816365299999998,-7.636319999999993e-05,0.0051517728429999994,0.0,0.0,0.0177400021,3.713247903865555,3.8165350393056694,-0.0270630648943041
2026-09-02,0.00037741900000000383,0.021582293500000002,-0.0212048745,0.014747859499999998,1.0,0.001,-0.0006225809999999962,3.7109361062723183,3.8165350393056694,-0.027668796944299134
2026-09-03,0.023121471499999997,-0.0149362165,0.038057688,-0.01232975845,0.0,0.0,0.023121471499999997,3.796738409691815,3.8165350393056694,-0.005187068744285872
2026-09-04,-0.036519131499999996,-0.012905477,-0.023613654499999998,0.0007795339469999996,0.0,0.0,-0.036519131499999996,3.6580848204371788,3.8165350393056694,-0.04151677299871381
2026-09-08,-0.01126600005,-0.0006309506500000001,-0.0106350494,0.0021731540500000003,0.0,0.0,-0.01126600005,3.616872836667229,3.8165350393056694,-0.05231504508203444
2026-09-09,0.006485110400000001,0.0037521816500000003,0.0027329287500000004,-0.0014244517699999997,1.0,0.001,0.005485110400000001,3.63671178347911,3.8165350393056694,-0.04711688847989037
2026-09-10,0.007223075749999999,0.01210847925,-0.0048854035,0.008696549643999999,0.0,0.0,0.007223075749999999,3.6629800281720972,3.8165350393056694,-0.040234141584484906
