Date,base_return,realized_volatility,exposure_multiplier,gross_return,turnover,transaction_cost,net_return,equity_curve,high_water_mark,drawdown
2025-01-22,-0.00045237072500000004,,1.0,-0.00045237072500000004,1.0,0.001,-0.001452370725,0.998547629275,0.998547629275,0.0
2025-01-23,0.00873026025,,1.0,0.00873026025,0.0,0.0,0.00873026025,1.0072652099505912,1.0072652099505912,0.0
2025-01-24,-0.00021973049999999975,,1.0,-0.00021973049999999975,0.0,0.0,-0.00021973049999999975,1.0070438830623762,1.0072652099505912,-0.0002197304999999039
2025-01-27,0.03569233345,,1.0,0.03569233345,0.5,0.0005,0.03519233345,1.0424841071938902,1.0424841071938902,0.0
2025-01-28,-0.004910628075,,1.0,-0.004910628075,0.0,0.0,-0.004910628075,1.0373648554693626,1.0424841071938902,-0.004910628074999868
2025-01-29,-0.009182441375,,1.0,-0.009182441375,0.0,0.0,-0.009182441375,1.0278393134995298,1.0424841071938902,-0.014047977895586872
2025-01-30,-0.007305162125,,1.0,-0.007305162125,0.0,0.0,-0.007305162125,1.0203307806759672,1.0424841071938902,-0.021250517264531088
2025-01-31,-0.003246081175,,1.0,-0.003246081175,0.0,0.0,-0.003246081175,1.0170187041365417,1.0424841071938902,-0.02442761753547973
2025-02-03,0.0015504255000000017,,1.0,0.0015504255000000017,1.0,0.001,0.0005504255000000017,1.0175784971652755,1.0424841071938902,-0.023890637619075505
2025-02-04,-0.005269006675,,1.0,-0.005269006675,0.0,0.0,-0.005269006675,1.012216869271375,1.0424841071938902,-0.02903376436499061
2025-02-05,0.008837071174999999,,1.0,0.008837071174999999,0.0,0.0,0.008837071174999999,1.021161901789662,1.0424841071938902,-0.02045326663216218
2025-02-06,0.001507018999999999,,1.0,0.001507018999999999,0.5,0.0005,0.001007018999999999,1.0221902312268403,1.0424841071938902,-0.019466844460272914
2025-02-07,0.011459361900000003,,1.0,0.011459361900000003,0.0,0.0,0.011459361900000003,1.0339038790171133,1.0424841071938902,-0.008230560175994106
2025-02-10,0.011285514399999998,,1.0,0.011285514399999998,0.0,0.0,0.011285514399999998,1.0455720161319768,1.0455720161319768,0.0
2025-02-11,-0.004005997500000001,,1.0,-0.004005997500000001,0.0,0.0,-0.004005997500000001,1.0413834572492822,1.0455720161319768,-0.004005997499999969
2025-02-12,-0.004895308000000001,,1.0,-0.004895308000000001,0.0,0.0,-0.004895308000000001,1.036285564479942,1.0455720161319768,-0.008881694908390303
2025-02-13,0.0051722162425,,1.0,0.0051722162425,0.0,0.0,0.0051722162425,1.0416454575084135,1.0455720161319768,-0.003755416712556414
2025-02-14,-0.0005304588749999997,,1.0,-0.0005304588749999997,0.5,0.0005,-0.0010304588749999997,1.0405720847021205,1.0455720161319768,-0.004782005785075705
2025-02-18,0.006483576975,,1.0,0.006483576975,1.0,0.001,0.0054835769749999996,1.0462781418266207,1.0462781418266207,0.0
2025-02-19,-0.005775639050000001,,1.0,-0.005775639050000001,0.5,0.0005,-0.00627563905,1.039712077862612,1.0462781418266207,-0.006275639050000059
2025-02-20,-0.0067177882500000004,0.16013782329977305,1.5,-0.010076682375,0.5,0.0005,-0.010576682375,1.028715373453608,1.0462781418266207,-0.016785945984067907
2025-02-21,-0.0007079511249999991,0.16305596399976602,1.5,-0.0010619266874999987,0.0,0.0,-0.0010619266874999987,1.027622953144696,1.0462781418266207,-0.017830047227552548
2025-02-24,-0.004908279500000001,0.16126958425320892,1.5,-0.007362419250000002,0.75,0.00075,-0.008112419250000003,1.0192864449178634,1.0462781418266207,-0.025797821659195197
2025-02-25,-0.00755733155,0.16276946514346646,1.5,-0.011335997325,0.75,0.00075,-0.012085997325,1.0069673516711772,1.0462781418266207,-0.03757202658063141
2025-02-26,-0.023156304675,0.10257536648965135,1.5,-0.0347344570125,0.75,0.00075,-0.0354844570125,0.9712356619678103,1.0462781418266207,-0.0717232606310586
2025-02-27,0.005104872249999999,0.12899636842073897,1.5,0.007657308374999998,0.75,0.00075,0.006907308374999998,0.9779442861898192,1.0462781418266207,-0.06531136693489781
2025-02-28,-0.014579562499999995,0.12818906978554148,1.5,-0.021869343749999992,0.0,0.0,-0.021869343749999992,0.9565572864267857,1.0462781418266207,-0.08575239395061607
2025-03-03,0.01051640562,0.1352406839478156,1.5,0.01577460843,0.75,0.00075,0.01502460843,0.9709291850962116,1.0462781418266207,-0.07201618166165913
2025-03-04,0.002793422250000001,0.14155635349585421,1.5,0.004190133375000002,0.0,0.0,0.004190133375000002,0.9749975078794448,1.0462781418266207,-0.06812780569297971
2025-03-05,-0.0144309798,0.141899527177533,1.5,-0.0216464697,0.75,0.00075,-0.0223964697,0.9531610057366474,1.0462781418266207,-0.08899845305704934
2025-03-06,0.002892411925,0.14930535776856108,1.5,0.0043386178875,0.75,0.00075,0.0035886178875000002,0.9565815363715015,1.0462781418266207,-0.08572921661014965
2025-03-07,-0.02174022575,0.14544338837484172,1.5,-0.032610338625,0.0,0.0,-0.032610338625,0.9253870885480041,1.0462781418266207,-0.11554389645143659
2025-03-10,0.013099838862500001,0.16157774151558865,1.5,0.01964975829375,0.0,0.0,0.01964975829375,0.9435707211661295,1.0462781418266207,-0.09816454779527539
2025-03-11,0.0189633938,0.16357232046575104,1.5,0.028445090699999998,0.75,0.00075,0.027695090699999998,0.9697029978706898,1.0462781418266207,-0.07318813314999006
2025-03-12,-0.0047674581249999995,0.17413555054717456,1.435663190051897,-0.006844464140176335,0.7821684049740516,0.0007821684049740517,-0.007626632545150386,0.9623074294279993,1.0462781418266207,-0.08025658669693991
2025-03-13,0.0038228522500000023,0.1742612840573053,1.4346273261580482,0.0054843683017147815,0.0010358638938487985,1.0358638938487985e-06,0.005483332437820933,0.967584080970938,1.0462781418266207,-0.07521332780430312
2025-03-14,-0.0080455147425,0.17524247751286243,1.4265947591482238,-0.011477689166300271,0.008032567009824465,8.032567009824465e-06,-0.011485721733310096,0.9564706794633252,1.0462781418266207,-0.0858351701838167
2025-03-17,-0.006510285524999999,0.1745458863377934,1.4322881234575906,-0.009324604637775364,0.005693364309366844,5.6933643093668445e-06,-0.00933029800208473,0.9475465229936759,1.0462781418266207,-0.09436460046902673
2025-03-18,0.0008269547499999987,0.174958364305325,1.4289113926769321,0.0011816450635033025,0.0033767307806584768,3.3767307806584767e-06,0.001178268332722644,0.9486629870555008,1.0462781418266207,-0.09329751895676686
2025-03-19,-0.0010673393000000002,0.17212335495676676,1.4524467063914364,-0.0015502534508871413,0.7379910100529703,0.0007379910100529703,-0.0022882444609401116,0.9464922142300721,1.0462781418266207,-0.09537227588673469
2025-03-20,0.00318659115,0.17194355069511771,1.453965554330609,0.004633193767834763,0.7277422011348907,0.0007277422011348907,0.003905451566699872,0.9501886937310062,1.0462781418266207,-0.0918392961243164
2025-03-21,-0.0016822495000000002,0.17255003390401055,1.4488551195479613,-0.0024373358004319986,0.00511043478264761,5.1104347826476105e-06,-0.002442446235214646,0.9478679089332595,1.0462781418266207,-0.09405742981646736
2025-03-24,0.002995175,0.17246445222340717,1.4495740819456218,0.004341728050891478,0.0007189623976604498,7.189623976604498e-07,0.004341009088493818,0.9519826121406304,1.0462781418266207,-0.09012472488564716
2025-03-25,-0.008025302,0.17319700386894352,1.44344298351242,-0.011584065862468192,0.006131098433201698,6.131098433201698e-06,-0.011590196960901394,0.9409489461625671,1.0462781418266207,-0.10067035853407691
2025-03-26,0.0017380600000000003,0.1734051906911713,1.441710014582213,0.0025057785079447615,0.7225879762213134,0.0007225879762213134,0.001783190531723448,0.9426268374141993,1.0462781418266207,-0.0990666824325166
2025-03-27,0.002939451375000001,0.1545987321776582,1.5,0.004409177062500002,0.7791449927088934,0.0007791449927088933,0.0036300320697911087,0.9460486030638585,1.0462781418266207,-0.0957962655970035
2025-03-28,-0.007822338514999999,0.1537003705985122,1.5,-0.011733507772499999,0.0,0.0,-0.011733507772499999,0.9349481344266459,1.0462781418266207,-0.10640574714254458
2025-03-31,0.0012977663625000002,0.14744097828898106,1.5,0.0019466495437500003,0.0,0.0,0.0019466495437500003,0.9367681507859574,1.0462781418266207,-0.10466623229792205
2025-04-01,0.007568988675000001,0.14181622100789837,1.5,0.011353483012500002,0.0,0.0,0.011353483012500002,0.9474037320725568,1.0462781418266207,-0.0945010755757989
2025-04-02,-0.018949469999999996,0.14448806200008849,1.5,-0.028424204999999994,0.75,0.00075,-0.029174204999999995,0.9197639813753069,1.0462781418266207,-0.12091828682423011
2025-04-03,0.013112875,0.1509147950736891,1.5,0.0196693125,0.0,0.0,0.0196693125,0.9378551065512221,1.0462781418266207,-0.10362735389474043
2025-04-04,0.032007877000000004,0.15854634473805526,1.5,0.048011815500000006,0.0,0.0,0.048011815500000006,0.9828832328926922,1.0462781418266207,-0.06059087579068789
2025-04-07,0.001633293499999998,0.1765967280032402,1.41565476793779,0.002312179730716798,0.7921726160311051,0.0007921726160311051,0.0015200071146856929,0.9843772223995944,1.0462781418266207,-0.059162967238289066
2025-04-08,0.01592505875,0.17186684745904754,1.4546144512225956,0.023164820594318843,0.03895968328480559,3.895968328480559e-05,0.023125860911034038,1.0071417931287974,1.0462781418266207,-0.03740530087869187
2025-04-09,0.006675450749999999,0.16810723485180798,1.487145988811149,0.009927369806368875,0.032531537588553316,3.2531537588553315e-05,0.00989483826878032,1.017107298285536,1.0462781418266207,-0.02788058201250143
2025-04-10,0.011171625150000001,0.16734595275775693,1.493911241235034,0.016689416394449024,0.7503382468294595,0.0007503382468294595,0.015939078147619565,1.0333190509974235,1.0462781418266207,-0.01238589464038009
2025-04-11,0.012144661250000001,0.17036606667409104,1.4674283728006003,0.017821420496302007,0.7601970548347338,0.0007601970548347338,0.017061223441467273,1.0509487382128155,1.0509487382128155,0.0
2025-04-14,0.009274042100000001,0.16893913909165179,1.4798228601388315,0.013723939505469936,0.01239448733823112,1.2394487338231119e-05,0.013711545018131705,1.0653588691485694,1.0653588691485694,0.0
2025-04-15,-0.0139290975,0.16584871022732095,1.5,-0.020893646249999998,0.020177139861168536,2.0177139861168535e-05,-0.020913823389861166,1.043078141912374,1.0653588691485694,-0.02091382338986114
2025-04-16,-0.005835929125,0.17773080115279197,1.4066216906605822,-0.008208944492382832,0.09337830933941782,9.337830933941782e-05,-0.00830232280172225,1.0344181704707969,1.0653588691485694,-0.029042512878782456
2025-04-17,-0.0101819995,0.18014917649851614,1.3877387888146089,-0.014129955653840953,1.4066216906605824,0.0014066216906605824,-0.015536577344501536,1.0183468525587196,1.0653588691485694,-0.04412786897566412
2025-04-21,-0.00266495025,0.18637498949126105,1.3413816987054599,-0.00357471549331054,0.04635709010914901,4.6357090109149014e-05,-0.003621072583419689,1.0146593446905074,1.0653588691485694,-0.047589151342571356
2025-04-22,0.012594418,0.1867070092260266,1.3389963292559157,0.01686387947111463,0.00238536944954415,2.38536944954415e-06,0.016861494101665087,1.0317680172462058,1.0653588691485694,-0.03153008143557223
2025-04-23,0.0085429005,0.1900866600037705,1.315189608755507,0.011235533966232227,0.023806720500408662,2.3806720500408663e-05,0.011211727245731818,1.0433359188364397,1.0653588691485694,-0.020671860862931823
2025-04-24,0.01621665625,0.1863634537006153,1.3414647294614641,0.02175407238917581,0.026275120705957056,2.6275120705957055e-05,0.02172779726846985,1.0660053101638305,1.0660053101638305,0.0
2025-04-25,-0.007017951875,0.19119856611143682,1.3075411865499649,-0.009176261121788052,0.03392354291149924,3.392354291149924e-05,-0.00921018466469955,1.0561872044036713,1.0660053101638305,-0.009210184664699583
2025-04-28,-0.0008513524249999999,0.19555333099007174,1.278423633769207,-0.001088389060786726,0.029117552780757894,2.9117552780757894e-05,-0.001117506613567484,1.0550069082175848,1.0660053101638305,-0.010317398835992031
2025-04-29,0.006399232,0.19144442208674606,1.305862021337564,0.008356514034528023,0.6666502044529605,0.0006666502044529605,0.007689863830075063,1.0631197676815665,1.0660053101638305,-0.0027068743980463994
2025-04-30,0.007435052175,0.19119127884913129,1.3075910235281945,0.009722007483493778,0.6546600128594124,0.0006546600128594125,0.009067347470634365,1.0727594440180355,1.0727594440180355,0.0
2025-05-01,-0.0011511030750000002,0.19116513542232982,1.3077698475074433,-0.0015053778928580993,0.6539743357433461,0.0006539743357433461,-0.0021593522286014453,1.070442978521842,1.0727594440180355,-0.002159352228601419
2025-05-02,0.0047676144,0.17139742557137524,1.4585983375572475,0.006954034437953995,0.15082849004980425,0.00015082849004980424,0.006803205947904191,1.077725422560214,1.077725422560214,0.0
2025-05-05,-0.00121311355,0.1690737721280529,1.4786444807693488,-0.0017937636552540115,0.7493453119907252,0.0007493453119907252,-0.0025431089672447366,1.0749846493738735,1.077725422560214,-0.002543108967244745
2025-05-06,0.004353200325000001,0.13722464422621328,1.5,0.006529800487500001,0.7606777596153256,0.0007606777596153256,0.005769122727884675,1.0811863677467035,1.0811863677467035,0.0
2025-05-07,-0.00582147475,0.1370743283406463,1.5,-0.008732212125,0.75,0.00075,-0.009482212125,1.070934329261071,1.0811863677467035,-0.009482212125000111
2025-05-08,-0.014936619525,0.1328802370421864,1.5,-0.0224049292875,0.75,0.00075,-0.0231549292875,1.0461369205954747,1.0811863677467035,-0.032417581461256506
2025-05-09,0.008221186250000002,0.14551519127700255,1.5,0.012331779375000003,0.0,0.0,0.012331779375000003,1.0590376502963,1.0811863677467035,-0.020485568548707866
2025-05-12,0.015153137730000002,0.14326428954338194,1.5,0.022729706595000003,1.5,0.0015,0.021229706595,1.0815207088851486,1.0815207088851486,0.0
2025-05-13,0.01968446525,0.14663821273330382,1.5,0.029526697875,0.0,0.0,0.029526697875,1.1134544441019563,1.1134544441019563,0.0
2025-05-14,-0.006172777275,0.15818988372112236,1.5,-0.0092591659125,0.0,0.0,-0.0092591659125,1.1031447846680058,1.1134544441019563,-0.009259165912499978
2025-05-15,0.004726053775,0.15002376154351815,1.5,0.0070890806625,0.0,0.0,0.0070890806625,1.1109650670289335,1.1134544441019563,-0.002235724224021185
2025-05-16,0.0022833032999999997,0.14701013429858467,1.5,0.0034249549499999997,0.0,0.0,0.0034249549499999997,1.1147700723345313,1.1147700723345313,0.0
2025-05-19,-0.00116826515,0.13871832915556917,1.5,-0.0017523977249999999,0.75,0.00075,-0.002502397725,1.1119804742416233,1.1147700723345313,-0.0025023977250000495
2025-05-20,0.005883438175,0.1379317007493364,1.5,0.008825157262500001,0.0,0.0,0.008825157262500001,1.121793876799635,1.121793876799635,0.0
2025-05-21,0.0037661587,0.13413372294609194,1.5,0.00564923805,0.75,0.00075,0.00489923805,1.1272898120451087,1.1272898120451087,0.0
2025-05-22,-0.0074832973099999995,0.13270571387183547,1.5,-0.011224945965,0.0,0.0,-0.011224945965,1.1146360448180073,1.1272898120451087,-0.011224945965000122
2025-05-23,-0.010535347750000002,0.12804932089919185,1.5,-0.015803021625000004,0.75,0.00075,-0.016553021625000004,1.0961854502641302,1.1272898120451087,-0.027592160816702127
2025-05-27,0.003117558175,0.13183042323111022,1.5,0.0046763372625,0.0,0.0,0.0046763372625,1.1013115831318108,1.1272898120451087,-0.023044853803982024
2025-05-28,-0.0029542417,0.13157738384927734,1.5,-0.00443136255,0.0,0.0,-0.00443136255,1.0964312722264393,1.1272898120451087,-0.02737409625186482
2025-05-29,0.0083539845375,0.13149164041377395,1.5,0.01253097680625,0.0,0.0,0.01253097680625,1.110170627068356,1.1272898120451087,-0.01518614361083892
2025-05-30,-0.001097802425000001,0.13209033311504112,1.5,-0.0016467036375000016,0.75,0.00075,-0.0023967036375000016,1.1075098770882157,1.1272898120451087,-0.017546450562707205
2025-06-02,0.0059617165,0.13207658079498102,1.5,0.008942574750000001,0.75,0.00075,0.00819257475,1.1165832345426243,1.1272898120451087,-0.009497626420539307
2025-06-03,0.013172324450000002,0.13254203297303013,1.5,0.019758486675000003,0.0,0.0,0.019758486675000003,1.1386452295038632,1.1386452295038632,0.0
2025-06-04,0.034336902425,0.13833736665205007,1.5,0.0515053536375,0.75,0.00075,0.0507553536375,1.1964375707949841,1.1964375707949841,0.0
2025-06-05,-0.0029286357500000002,0.17932462741371996,1.394119723573856,-0.004082868862238513,0.10588027642614395,0.00010588027642614395,-0.004188749138664657,1.1914259939508507,1.1964375707949841,-0.004188749138664627
2025-06-06,-0.014831278425,0.17756756575063365,1.4079147784854278,-0.02088117607838958,0.7108549166984998,0.0007108549166984998,-0.02159203099508808,1.1657006869611102,1.1964375707949841,-0.025690336532520064
2025-06-09,-0.01899836665,0.1774199284684943,1.4090863532525562,-0.026770339180603484,0.0011715747671283694,1.1715747671283693e-06,-0.02677151075537061,1.134493118482588,1.1964375707949841,-0.05177407816710122
2025-06-10,-0.005829212875,0.19409975217559516,1.2879975229120018,-0.007508011743526748,0.7650875917965553,0.0007650875917965552,-0.008273099335323303,1.1251073442181407,1.1964375707949841,-0.05961884541075335
2025-06-11,0.0031546185500000005,0.19022861184469927,1.3142081917944999,0.0041458255403968875,0.026210668882498123,2.6210668882498124e-05,0.004119614871514389,1.1297423531654318,1.1964375707949841,-0.055744837221415655
2025-06-12,-0.0071554062499999994,0.17787806831508293,1.4054571334627068,-0.010056616756886136,0.09124894166820696,9.124894166820697e-05,-0.010147865698554344,1.1182778794915402,1.1964375707949841,-0.06532701179845934
2025-06-13,-0.0033407384,0.17841046944659314,1.401263058022708,-0.004681253306437888,0.0041940754399989455,4.1940754399989455e-06,-0.004685447381877887,1.1130382473288647,1.1964375707949841,-0.0697063729039401
2025-06-16,-0.00571383,0.17822709930729844,1.4027047568616433,-0.008014816520898763,0.0014416988389354124,1.4416988389354125e-06,-0.008016258219737699,1.1041158453298323,1.1964375707949841,-0.07716384683891842
2025-06-17,0.0046515084499999994,0.17923637252607102,1.394806179552847,0.006487952730302285,0.007898577308796284,7.898577308796284e-06,0.006480054152993488,1.1112705757987478,1.1964375707949841,-0.07118381859209455
2025-06-18,0.0056295730000000006,0.1800144287887386,1.3887775645661997,0.007818224680487635,0.006028614986647307,6.028614986647307e-06,0.007812196065500988,1.11995203941871,1.1964375707949841,-0.06392772447412587
2025-06-20,-0.009068490300000003,0.17990803784425882,1.3895988361365919,-0.012601563566395977,1.389598836136592,0.0013895988361365922,-0.01399116240253257,1.104282608552155,1.1964375707949841,-0.07702446370151672
2025-06-23,0.022075648,0.18215924549561063,1.3724255352497279,0.030297183022384586,0.017173300886863974,1.7173300886863974e-05,0.030280009721497723,1.1377202966743951,1.1964375707949841,-0.049076755489694146
2025-06-24,0.021354509874999997,0.1969176734994216,1.2695660859548714,0.027110961519488396,0.10285944929485646,0.00010285944929485647,0.02700810207019354,1.168447962574308,1.1964375707949841,-0.023394123441040193
2025-06-25,0.004433524175,0.20473614580126878,1.2210838443870458,0.005413704743791906,0.6590241637613485,0.0006590241637613486,0.004754680580030557,1.1740035594107363,1.1964375707949841,-0.018750674445421667
2025-06-26,0.009466050825,0.20484252148045468,1.2204497298372403,0.011552839171996837,0.0006341145498054424,6.341145498054424e-07,0.011552205057447033,1.1875658892672218,1.1964375707949841,-0.007415081024133574
2025-06-27,0.005743260325000001,0.20515196674169944,1.2186088389528693,0.00699878779645233,0.0018408908843710048,1.8408908843710049e-06,0.006996946905567959,1.1958752247412883,1.1964375707949841,-0.0004700170467918374
2025-06-30,0.0067530146,0.20448713469425256,1.2225708007195557,0.008256038466792851,0.003961961766686395,3.961961766686395e-06,0.008252076505026166,1.205743678586319,1.205743678586319,0.0
2025-07-01,-0.013069704075,0.20427343131081116,1.2238498095213068,-0.0159953548426886,0.0012790088017511358,1.279008801751136e-06,-0.01599663385149035,1.1864558384412245,1.205743678586319,-0.015996633851490416
2025-07-02,0.0028395484000000005,0.21217899963191209,1.1782504415314417,0.0033456991560498993,0.04559936798986519,4.559936798986519e-05,0.0033000997880600342,1.190371261102207,1.205743678586319,-0.01274932455141331
2025-07-03,0.01502504225,0.20841723229193282,1.1995169365353708,0.018022792651034517,0.021266495003929187,2.1266495003929186e-05,0.018001526156030588,1.2117997604943256,1.2117997604943256,0.0
2025-07-07,-0.00799346755,0.17764807351702377,1.4072767300572095,-0.011249020875582412,0.8075182617895241,0.0008075182617895241,-0.012056539137371937,1.1971896492552678,1.2117997604943256,-0.012056539137371924
2025-07-08,0.01044241835,0.18003099129966907,1.3886497996551306,0.014500862149642559,0.018626930402078967,1.862693040207897e-05,0.01448223521924048,1.2145276313578226,1.2145276313578226,0.0
2025-07-09,-0.013438458124999999,0.17323204991594648,1.4431509649704077,-0.019393723810808165,0.054501165315277156,5.450116531527716e-05,-0.019448224976123443,1.1909072247434573,1.2145276313578226,-0.01944822497612342
2025-07-10,-0.0018578096249999999,0.1652240142449387,1.5,-0.0027867144375,0.056849035029592265,5.684903502959227e-05,-0.002843563472529592,1.1875208044600052,1.2145276313578226,-0.022236486186505422
2025-07-11,-0.0008703679150000002,0.16322233522565732,1.5,-0.0013055518725000003,0.0,0.0,-0.0013055518725000003,1.1859704344501096,1.2145276313578226,-0.023513007172826894
2025-07-14,0.018538453250000003,0.16363189027149003,1.5,0.027807679875000005,0.0,0.0,0.027807679875000005,1.218949520632513,1.218949520632513,0.0
2025-07-15,-0.0063721694625000005,0.16927003074415925,1.476930079713041,-0.009411248752195131,0.02306992028695909,2.306992028695909e-05,-0.00943431867248209,1.2074495624091965,1.218949520632513,-0.009434318672482123
2025-07-16,0.008410292074999999,0.17124440406687755,1.4599017197803752,0.012278199864147759,0.017028359932665715,1.7028359932665717e-05,0.012261171504215093,1.2222543085765851,1.2222543085765851,0.0
2025-07-17,-0.0009640241499999994,0.16856152947888736,1.4831379424052566,-0.0014297807942599756,0.023236222624881453,2.3236222624881453e-05,-0.001453017016884857,1.2204783522672626,1.2222543085765851,-0.0014530170168847167
2025-07-18,-0.00125847965225,0.16950906954215172,1.4748473381115024,-0.0018560653651884017,0.008290604293754278,8.290604293754278e-06,-0.001864355969482156,1.2182029461655894,1.2222543085765851,-0.0033146640454176923
2025-07-21,-0.012582080124999999,0.17031348449537356,1.467881423134121,-0.01846900167987254,0.0069659149773813045,6.965914977381305e-06,-0.01847596759484992,1.1956954680082832,1.2222543085765851,-0.021729390014776806
2025-07-22,0.0023692756000000003,0.17416810738926933,1.4353948248472657,0.0034008459348769007,0.032486598286855406,3.248659828685541e-05,0.0033683593365900454,1.1997230000016674,1.2222543085765851,-0.01843422307192133
2025-07-23,0.0253457715,0.1594695607827258,1.5,0.03801865725,0.06460517515273434,6.460517515273434e-05,0.03795405207484726,1.2452573492191228,1.2452573492191228,0.0
2025-07-24,-0.0068914279,0.16626334320622613,1.5,-0.01033714185,0.0,0.0,-0.01033714185,1.2323849473604898,1.2452573492191228,-0.010337141850000009
2025-07-25,-0.005799101899999999,0.16939031536943902,1.4758813067603769,-0.008558786090208582,0.024118693239623124,2.4118693239623125e-05,-0.008582904783448206,1.2218075047007397,1.2452573492191228,-0.018831323929216714
2025-07-28,-0.0015793334999999998,0.16911117765752717,1.4783174208997796,-0.002334756226460622,0.002436114139402701,2.436114139402701e-06,-0.0023371923406000244,1.2189519055590656,1.2452573492191228,-0.021124503843765963
2025-07-29,0.00953423075,0.16850908319614252,1.4835995499957888,0.014144980450256013,0.005282129096009225,5.282129096009225e-06,0.014139698321160004,1.236187517771674,1.2452573492191228,-0.0072834996341409886
2025-07-30,0.016936585450000003,0.17008261735779145,1.4698738994243703,0.024894644898325557,0.013725650571418502,1.3725650571418502e-05,0.024880919247754138,1.2669449995764326,1.2669449995764326,0.0
2025-07-31,-0.0011805262500000002,0.1705309454763508,1.4660095814379328,-0.0017306627936389926,0.0038643179864374932,3.864317986437494e-06,-0.00173452711162543,1.264747449125729,1.2669449995764326,-0.0017345271116254724
2025-08-01,0.00993484335,0.17101854570911107,1.4618297621664385,0.014523049691491322,0.7350947003547136,0.0007350947003547136,0.013787954991136608,1.2821857300294293,1.2821857300294293,0.0
2025-08-04,-0.00220611185,0.1668962894515566,1.4979362382563042,-0.003304614885761656,0.036106476089865724,3.610647608986573e-05,-0.0033407213618515215,1.2779023047712588,1.2821857300294293,-0.003340721361851484
2025-08-05,0.006993674774999999,0.16351347906654418,1.5,0.010490512162499998,0.0020637617436958244,2.0637617436958243e-06,0.010488448400756302,1.2913055171560597,1.2913055171560597,0.0
2025-08-06,0.009299665075,0.16169098153986824,1.5,0.0139494976125,0.0,0.0,0.0139494976125,1.3093185803846363,1.3093185803846363,0.0
2025-08-07,0.005527943125,0.1524933886963715,1.5,0.0082919146875,0.0,0.0,0.0082919146875,1.3201753383519443,1.3201753383519443,0.0
2025-08-08,0.0004251913749999997,0.15143645390060662,1.5,0.0006377870624999995,0.75,0.00075,-0.00011221293750000047,1.3200271975992128,1.3201753383519443,-0.00011221293749996697
2025-08-11,-0.004164426000000001,0.15099164871907872,1.5,-0.006246639000000001,0.75,0.00075,-0.006996639000000001,1.3107914438274295,1.3201753383519443,-0.0071080668240851574
2025-08-12,-0.005455291499999999,0.14272786718234995,1.5,-0.008182937249999998,0.75,0.00075,-0.008932937249999998,1.2990822261118822,1.3201753383519443,-0.015977508159176756
2025-08-13,0.002177071125,0.14199960763314648,1.5,0.0032656066875,0.0,0.0,0.0032656066875,1.3033245177170856,1.3201753383519443,-0.012764077729170986
2025-08-14,-0.004487505225,0.14035133507562583,1.5,-0.006731257837499999,0.75,0.00075,-0.007481257837499999,1.2935740109541087,1.3201753383519443,-0.020149844210121115
2025-08-15,0.00583203645,0.141993531451151,1.5,0.008748054674999999,0.0,0.0,0.008748054674999999,1.3048902671280944,1.3201753383519443,-0.011578061473963897
2025-08-18,-0.008756341575,0.1419687042620432,1.5,-0.0131345123625,0.0,0.0,-0.0131345123625,1.2877511697827946,1.3201753383519443,-0.024560501644900312
2025-08-19,-0.0036602718250000003,0.13714519469744946,1.5,-0.0054904077375,0.0,0.0,-0.0054904077375,1.2806808907962444,1.3201753383519443,-0.029916062214132344
2025-08-20,0.00034912959999999966,0.13899147390325564,1.5,0.0005236943999999995,0.0,0.0,0.0005236943999999995,1.2813515762069414,1.3201753383519443,-0.029408034688383933
2025-08-21,-0.004216051,0.1094127163292175,1.5,-0.0063240765,0.0,0.0,-0.0063240765,1.2732482108156131,1.3201753383519443,-0.03554613252729988
2025-08-22,-0.004786406725,0.10719724201395446,1.5,-0.0071796100875,0.75,0.00075,-0.0079296100875,1.2631518489592382,1.3201753383519443,-0.04319387564373989
2025-08-25,-0.001473129625,0.10636790525672452,1.5,-0.0022096944375,0.0,0.0,-0.0022096944375,1.2603606693448752,1.3201753383519443,-0.045308124814495754
2025-08-26,0.0007527774249999996,0.10633009336923507,1.5,0.0011291661374999995,0.0,0.0,0.0011291661374999995,1.2617838259337362,1.3201753383519443,-0.04423011907729002
2025-08-27,0.0007204407499999997,0.10181805856389857,1.5,0.0010806611249999996,0.0,0.0,0.0010806611249999996,1.2631473866625766,1.3201753383519443,-0.04319725572253086
2025-08-28,-0.010754666000000003,0.08233264745888277,1.5,-0.016131999000000005,0.75,0.00075,-0.016881999000000005,1.2418229337440865,1.3201753383519443,-0.05934999869462032
2025-08-29,-0.0016633410500000003,0.09085209946891702,1.5,-0.0024950115750000004,0.0,0.0,-0.0024950115750000004,1.2387245711502946,1.3201753383519443,-0.06169693133590104
2025-09-02,0.005714073974999999,0.08228152910594973,1.5,0.0085711109625,0.0,0.0,0.0085711109625,1.2493418169015988,1.3201753383519443,-0.05365463161792683
2025-09-03,0.00017402404999999985,0.08545449369672428,1.5,0.0002610360749999998,0.0,0.0,0.0002610360749999998,1.2496679401858162,1.3201753383519443,-0.05340760133736999
2025-09-04,0.014715941750000003,0.08073510619993714,1.5,0.022073912625000004,0.0,0.0,0.022073912625000004,1.2772530011077416,1.3201753383519443,-0.032512603437801935
2025-09-05,0.0028771027,0.09141342488891109,1.5,0.00431565405,0.75,0.00075,0.0035656540500000004,1.2818072434440162,1.3201753383519443,-0.029062878083925825
2025-09-08,0.007378229199999999,0.08950105032506207,1.5,0.011067343799999999,0.0,0.0,0.011067343799999999,1.2959934448925414,1.3201753383519443,-0.018317183147498195
2025-09-09,-0.003216752,0.09403509865056398,1.5,-0.004825128,0.75,0.00075,-0.0055751279999999995,1.2887681155501045,1.3201753383519443,-0.023790190506851494
2025-09-10,-0.01094956125,0.09359592764355747,1.5,-0.016424341874999998,0.0,0.0,-0.016424341874999998,1.2676009474227101,1.3201753383519443,-0.0398237941596955
2025-09-11,-0.013126927957500001,0.09939284103999986,1.5,-0.019690391936250003,0.0,0.0,-0.019690391936250003,1.242641387949195,1.3201753383519443,-0.058730039980552595
2025-09-12,-0.00661579024,0.10805921248513113,1.5,-0.00992368536,0.0,0.0,-0.00992368536,1.2303098057998736,1.3201753383519443,-0.06807090690260542
2025-09-15,-0.01475005725,0.10911711076349734,1.5,-0.022125085875,0.0,0.0,-0.022125085875,1.2030890956936968,1.3201753383519443,-0.08868991811679605
2025-09-16,-0.009523734150000001,0.11498642982724515,1.5,-0.014285601225000001,0.0,0.0,-0.014285601225000001,1.1859022446344707,1.3201753383519443,-0.10170853053890172
2025-09-17,0.011115247075000001,0.11556532037869234,1.5,0.0166728706125,0.75,0.00075,0.0159228706125,1.2047852126348588,1.3201753383519443,-0.08740515169836005
2025-09-18,0.011350708825,0.12526627068108764,1.5,0.0170260632375,0.0,0.0,0.0170260632375,1.225297961852785,1.3201753383519443,-0.0718672541009594
2025-09-19,0.01759102695,0.1336507724615118,1.5,0.026386540425,0.75,0.00075,0.025636540425,1.2567103625844942,1.3201753383519443,-0.048073141440952316
2025-09-22,-0.008157734900000001,0.1489149280674513,1.5,-0.012236602350000002,0.0,0.0,-0.012236602350000002,1.2413324976084235,1.3201753383519443,-0.05972149187542408
2025-09-23,-0.0154118431,0.150754495158531,1.5,-0.023117764649999997,0.0,0.0,-0.023117764649999997,1.2126356650763153,1.3201753383519443,-0.0814586291317011
2025-09-24,0.01424094075,0.15992074233560474,1.5,0.021361411125,0.0,0.0,0.021361411125,1.2385392740628482,1.3201753383519443,-0.061837289273262264
2025-09-25,-0.0142381515,0.16889628652211497,1.4801983225798483,-0.02107528796693775,0.01980167742015171,1.980167742015171e-05,-0.0210950896443579,1.2124121770484344,1.3201753383519443,-0.08162791575703665
2025-09-26,0.004983324125000001,0.17576954152592264,1.4223169602062697,0.00708786642119257,0.7690398424767133,0.0007690398424767133,0.006318826578715857,1.220073199337127,1.3201753383519443,-0.07582488182197145
2025-09-29,0.0104008184,0.17323778623283873,1.4431031787948947,0.01500945409510843,0.02078621858862495,2.078621858862495e-05,0.014988667876519805,1.2383604713070342,1.3201753383519443,-0.061972727915857506
2025-09-30,-0.0030795308000000007,0.17729383721785374,1.4100884944624834,-0.004342410949422848,0.03301468433241128,3.301468433241128e-05,-0.00437542563375526,1.232942117157048,1.3201753383519443,-0.06607699648729604
2025-10-01,0.0187259497,0.1764302481969501,1.4169905815748984,0.026534494355945296,0.7119463343436567,0.0007119463343436568,0.025822548021601638,1.264779824185191,1.3201753383519443,-0.04196072488061087
2025-10-02,-0.001092993325,0.18882335404314815,1.3239887685867096,-0.0014471108864402432,0.09300181298818888,9.300181298818888e-05,-0.001540112699428432,1.2628319207159826,1.3201753383519443,-0.04343621333477343
2025-10-03,-0.012648113750000002,0.18147214794460126,1.3776218710780814,-0.01742431812988341,0.053633102491371876,5.3633102491371875e-05,-0.01747795123237478,1.2407602059910223,1.3201753383519443,-0.06015498854876411
2025-10-06,0.007011906649999999,0.1864226344389487,1.3410388752009197,0.009403239406929848,0.03658299587716174,3.658299587716174e-05,0.009366656411052686,1.252381980529047,1.3201753383519443,-0.05135178324685863
2025-10-07,0.0028880096249999996,0.18621257230932356,1.3425516703819393,0.0038773021461228677,0.001512795181019655,1.512795181019655e-06,0.003875789350941848,1.257235949272493,1.3201753383519443,-0.047675022590576877
2025-10-08,0.0007236123250000004,0.1864526857795174,1.340822734490551,0.0009702358563175659,0.001728935891388339,1.7289358913883391e-06,0.0009685069204261775,1.258453590989972,1.3201753383519443,-0.04675268925946119
2025-10-09,-0.00242486825,0.18238905623294938,1.3706962751136622,-0.0033237578779163847,0.029873540623111206,2.9873540623111206e-05,-0.0033536314185394957,1.254233201488454,1.3201753383519443,-0.04994952939039887
2025-10-10,0.0157491725,0.17600242865050394,1.42043494465884,0.022370674968460024,0.049738669545177805,4.973866954517781e-05,0.022320936298914847,1.2822288608828618,1.3201753383519443,-0.028743513355168004
2025-10-13,0.0051504845525,0.18172908252103173,1.375674143796259,0.007085388426896296,0.7325978727607103,0.0007325978727607104,0.006352790554135585,1.2903745922785186,1.3201753383519443,-0.022573324321167654
2025-10-14,0.005339379675,0.17130699904831462,1.4593682767712906,0.007792121315332404,0.08369413297503159,8.36941329750316e-05,0.007708427182357373,1.3003213508610616,1.3201753383519443,-0.015038901965603868
2025-10-15,0.004382882725,0.16529651278733715,1.5,0.006574324087500001,0.04063172322870945,4.063172322870945e-05,0.006533692364271291,1.3088172505422815,1.3201753383519443,-0.008603469160272215
2025-10-16,-0.0030535682500000007,0.162843923539062,1.5,-0.004580352375000001,0.0,0.0,-0.004580352375000001,1.302822406340319,1.3201753383519443,-0.013144414614870703
2025-10-17,0.007421859,0.16115228615683852,1.5,0.0111327885,0.0,0.0,0.0111327885,1.3173264526431672,1.3201753383519443,-0.00215796010273428
2025-10-20,-0.0058270466125,0.152193505708515,1.5,-0.00874056991875,0.75,0.00075,-0.00949056991875,1.3048242738385383,1.3201753383519443,-0.011628049750247338
2025-10-21,-0.007366172147499999,0.15037572031143756,1.5,-0.011049258221249999,0.0,0.0,-0.011049258221249999,1.2904069335035413,1.3201753383519443,-0.022548826647197262
2025-10-22,0.0010187668899999994,0.140429721138612,1.5,0.0015281503349999991,0.75,0.00075,0.0007781503349999991,1.2914110640911334,1.3201753383519443,-0.02178822268920666
2025-10-23,0.012170422750000002,0.13325834191838118,1.5,0.018255634125000003,0.0,0.0,0.018255634125000003,1.314986591982158,1.3201753383519443,-0.003930346385854988
2025-10-24,0.010602500075000002,0.12400748481043672,1.5,0.015903750112500004,0.0,0.0,0.015903750112500004,1.33589981014233,1.33589981014233,0.0
2025-10-27,0.01253951301,0.12675880494658917,1.5,0.018809269514999997,0.0,0.0,0.018809269514999997,1.3610271097163344,1.3610271097163344,0.0
2025-10-28,0.010947658839999999,0.12856128302764522,1.5,0.01642148826,0.0,0.0,0.01642148826,1.383377200420083,1.383377200420083,0.0
2025-10-29,0.0333959095,0.12880962523551243,1.5,0.05009386425,0.0,0.0,0.05009386425,1.4526759101044717,1.4526759101044717,0.0
2025-10-30,-0.0093812762,0.15808235957361216,1.5,-0.0140719143,0.75,0.00075,-0.0148219143,1.4311444722592288,1.4526759101044717,-0.014821914299999905
2025-10-31,0.0025141706000000002,0.16480725913418443,1.5,0.0037712559,0.0,0.0,0.0037712559,1.4365416842939889,1.4526759101044717,-0.011106555631753112
2025-11-03,0.001955552574999999,0.15227761907654844,1.5,0.0029333288624999987,1.5,0.0015,0.0014333288624999987,1.4386007209522718,1.4526759101044717,-0.009689146116003022
2025-11-04,0.0021974110650000004,0.15253284985388937,1.5,0.003296116597500001,0.0,0.0,0.003296116597500001,1.443342516665778,1.4526759101044717,-0.006424966073831584
2025-11-05,-0.006471711425,0.15267554310417503,1.5,-0.009707567137500001,0.75,0.00075,-0.010457567137500002,1.4282486653953375,1.4526759101044717,-0.016815343697258345
2025-11-06,0.003164328375,0.15735254434299448,1.5,0.004746492562499999,0.75,0.00075,0.0039964925625,1.4339566505639905,1.4526759101044717,-0.012886053530780317
2025-11-07,0.004343582650000002,0.15530732986400755,1.5,0.006515373975000003,0.75,0.00075,0.005765373975000003,1.4422239469184304,1.4526759101044717,-0.0071949724734470255
2025-11-10,-0.0021461988749999997,0.14984534226160787,1.5,-0.0032192983124999996,0.0,0.0,-0.0032192983124999996,1.4375809977998688,1.4526759101044717,-0.010391108023204754
2025-11-11,0.007805764224999999,0.15149458803262042,1.5,0.0117086463375,0.0,0.0,0.0117086463375,1.454413125284618,1.454413125284618,0.0
2025-11-12,0.0057645934,0.15206002512715114,1.5,0.0086468901,0.0,0.0,0.0086468901,1.4669892757389518,1.4669892757389518,0.0
2025-11-13,0.003726808175,0.15218392391136787,1.5,0.0055902122625,0.75,0.00075,0.0048402122625,1.4740898152203394,1.4740898152203394,0.0
2025-11-14,-0.003923091,0.14985398251063986,1.5,-0.0058846365,0.0,0.0,-0.0058846365,1.4654153324894155,1.4740898152203394,-0.00588463650000004
2025-11-17,0.0011720905300000007,0.1522307534619415,1.5,0.001758135795000001,0.0,0.0,0.001758135795000001,1.467991731640007,1.4740898152203394,-0.004136846695071195
2025-11-18,0.00998127525,0.14830544341809068,1.5,0.014971912875,0.75,0.00075,0.014221912875,1.4888693821486116,1.4888693821486116,0.0
2025-11-19,-0.0039075951250000015,0.14304975704053824,1.5,-0.005861392687500002,0.0,0.0,-0.005861392687500002,1.4801425340394432,1.4888693821486116,-0.005861392687499967
2025-11-20,0.004974932117500001,0.14593932859850714,1.5,0.007462398176250001,0.0,0.0,0.007462398176250001,1.4911879469860492,1.4911879469860492,0.0
2025-11-21,-0.005482605749999999,0.1433463395050782,1.5,-0.008223908624999998,0.0,0.0,-0.008223908624999998,1.4789245535673345,1.4911879469860492,-0.008223908624999998
2025-11-24,-0.0033483746500000008,0.1455627184893787,1.5,-0.005022561975000001,0.0,0.0,-0.005022561975000001,1.4714965633406936,1.4911879469860492,-0.013205165509254102
2025-11-25,-0.0008935940000000003,0.14361826387515042,1.5,-0.0013403910000000005,0.0,0.0,-0.0013403910000000005,1.4695241825906606,1.4911879469860492,-0.014527856424252028
2025-11-26,-0.0079592471,0.14090369974584974,1.5,-0.01193887065,0.0,0.0,-0.01193887065,1.4519797234576637,1.4911879469860492,-0.02629328087558125
2025-11-28,0.006420775257500001,0.08520663640789472,1.5,0.009631162886250001,0.0,0.0,0.009631162886250001,1.4659639766818167,1.4911879469860492,-0.016915352860257915
2025-12-01,0.008071066425,0.07992775932519705,1.5,0.0121065996375,0.0,0.0,0.0121065996375,1.483711815630501,1.4911879469860492,-0.005013540627563984
2025-12-02,-0.019794315,0.08367518808116073,1.5,-0.0296914725,0.0,0.0,-0.0296914725,1.4396582270587828,1.4911879469860492,-0.03455615372389309
2025-12-03,0.0033795803500000004,0.11210640829723512,1.5,0.005069370525,0.75,0.00075,0.004319370525,1.4458766443708142,1.4911879469860492,-0.030386044030745407
2025-12-04,-0.0077947745000000014,0.11246585441206079,1.5,-0.011692161750000003,0.0,0.0,-0.011692161750000003,1.4289712207742835,1.4911879469860492,-0.04172292723899529
2025-12-05,-0.0022505584999999995,0.11360596724320879,1.5,-0.003375837749999999,0.0,0.0,-0.003375837749999999,1.4241472457835302,1.4911879469860492,-0.044957915156181305
2025-12-08,-0.009548195225,0.11334362461711409,1.5,-0.0143222928375,0.0,0.0,-0.0143222928375,1.4037501918856994,1.4911879469860492,-0.058636307567450974
2025-12-09,-0.0070028516749999995,0.11680528969893812,1.5,-0.0105042775125,0.0,0.0,-0.0105042775125,1.3890048103119068,1.4911879469860492,-0.06852465303295419
2025-12-10,-0.0005541034500000002,0.11880952027165799,1.5,-0.0008311551750000003,0.0,0.0,-0.0008311551750000003,1.3878503317757163,1.4911879469860492,-0.06929885358797072
2025-12-11,-0.01318773515,0.11417881990500653,1.5,-0.019781602725,0.75,0.00075,-0.020531602725,1.359355540121938,1.4911879469860492,-0.08840763978180455
2025-12-12,-0.008607955399999999,0.11805242193334249,1.5,-0.012911933099999998,0.0,0.0,-0.012911933099999998,1.341803632328769,1.4911879469860492,-0.100178059351413
2025-12-15,0.0013592783999999995,0.1176862487736964,1.5,0.0020389175999999992,0.0,0.0,0.0020389175999999992,1.344539459370468,1.4911879469860492,-0.09834339655975843
2025-12-16,-0.004961879000000001,0.11863422627318292,1.5,-0.007442818500000001,0.75,0.00075,-0.0081928185,1.3335238916137577,1.4911879469860492,-0.10573050546107077
2025-12-17,-0.0016088246249999993,0.11794156484940246,1.5,-0.0024132369374999987,0.0,0.0,-0.0024132369374999987,1.3303057825014768,1.4911879469860492,-0.10788858963737147
2025-12-18,0.006044767150000001,0.10767898234820714,1.5,0.009067150725,0.0,0.0,0.009067150725,1.3423678655417568,1.4911879469860492,-0.09979968101612124
2025-12-19,-0.00737411,0.11300788574228494,1.5,-0.011061165,0.0,0.0,-0.011061165,1.3275197130903016,1.4911879469860492,-0.1097569452774545
2025-12-22,0.0039048166250000007,0.10970382499110772,1.5,0.005857224937500001,0.0,0.0,0.005857224937500001,1.335295294658837,1.4911879469860492,-0.10454259145689748
2025-12-23,0.0016252182750000003,0.11276085885221039,1.5,0.0024378274125000004,0.0,0.0,0.0024378274125000004,1.3385505141319387,1.4911879469860492,-0.1023596208396248
2025-12-24,0.004653280075,0.11409808420978207,1.5,0.0069799201125,0.0,0.0,0.0069799201125,1.3478934897871255,1.4911879469860492,-0.09609416270333104
2025-12-26,0.005569562215,0.11713825110113285,1.5,0.008354343322499999,0.0,0.0,0.008354343322499999,1.3591542547629698,1.4911879469860492,-0.08854262300734284
2025-12-29,0.0014898063250000002,0.11900178497788164,1.5,0.0022347094875,0.0,0.0,0.0022347094875,1.3621915696710645,1.4911879469860492,-0.08650578055952562
2025-12-30,0.0021402764,0.11556603876199005,1.5,0.0032104146,0.0,0.0,0.0032104146,1.3665647693743335,1.4911879469860492,-0.0835730853804183
2025-12-31,0.0026129506,0.11028364985113216,1.5,0.0039194259,0.0,0.0,0.0039194259,1.3719209187254466,1.4911879469860492,-0.07998121799580127
2026-01-02,-0.01564175575,0.09101748371000798,1.5,-0.023462633625,0.0,0.0,-0.023462633625,1.339732040846918,1.4911879469860492,-0.10156728160608453
2026-01-05,0.012630103675,0.10187306757067999,1.5,0.0189451555125,0.0,0.0,0.0189451555125,1.3651134727058418,1.4911879469860492,-0.0845463340385938
2026-01-06,0.0139437146,0.11288202114982451,1.5,0.0209155719,0.75,0.00075,0.0201655719,1.3926417665913502,1.4911879469860492,-0.06608568731653042
2026-01-07,-0.006864432624999999,0.12528600872917614,1.5,-0.010296648937499998,0.0,0.0,-0.010296648937499998,1.3783022232250592,1.4911879469860492,-0.07570187513193871
2026-01-08,-0.0034436456,0.12309402828520209,1.5,-0.0051654684000000005,0.0,0.0,-0.0051654684000000005,1.3711826466453405,1.4911879469860492,-0.08047630788812388
2026-01-09,0.008760511,0.12123119048112392,1.5,0.013140766500000001,0.0,0.0,0.013140766500000001,1.3892010376337591,1.4911879469860492,-0.06839306175886373
2026-01-12,0.0030423508750000014,0.12542233709987657,1.5,0.004563526312500002,0.0,0.0,0.004563526312500002,1.3955406931223528,1.4911879469860492,-0.06414164898329289
2026-01-13,-0.005699252500000001,0.11535438482679278,1.5,-0.00854887875,0.75,0.00075,-0.009298878750000001,1.3825637294263171,1.4911879469860492,-0.07284408231657225
2026-01-14,0.004092700075,0.1125820370844858,1.5,0.006139050112499999,0.75,0.00075,0.005389050112499999,1.3900144346479204,1.4911879469860492,-0.06784759261407525
2026-01-15,-0.006148771274999999,0.11307959288686553,1.5,-0.009223156912499999,0.0,0.0,-0.009223156912499999,1.3771941134065226,1.4911879469860492,-0.07644498053376025
2026-01-16,-0.012200771950000003,0.11401835895776047,1.5,-0.018301157925000006,0.0,0.0,-0.018301157925000006,1.3519898664436896,1.4911879469860492,-0.0933471067974384
2026-01-20,0.001961618049999998,0.12328483678114954,1.5,0.002942427074999997,0.0,0.0,0.002942427074999997,1.355967998031839,1.4911879469860492,-0.09067934677685208
2026-01-21,-0.007660456887499999,0.12176063024370748,1.5,-0.011490685331249998,0.75,0.00075,-0.012240685331249999,1.3393700204486862,1.4911879469860492,-0.1018100547581634
2026-01-22,0.0011944682000000002,0.12200874801564854,1.5,0.0017917023000000004,0.0,0.0,0.0017917023000000004,1.3417697727948752,1.4911879469860492,-0.10020076576743675
2026-01-23,0.013786625435000002,0.12136504212948686,1.5,0.0206799381525,0.0,0.0,0.0206799381525,1.3695174887111672,1.4911879469860492,-0.08159297325384052
2026-01-26,0.001631428825,0.13045917393364062,1.5,0.0024471432375000003,0.75,0.00075,0.0016971432375000003,1.3718417560557712,1.4911879469860492,-0.08003430497912578
2026-01-27,0.003457179825,0.1297485016880453,1.5,0.0051857697375,0.75,0.00075,0.0044357697375,1.3779269302019221,1.4911879469860492,-0.07595354898961415
2026-01-28,-0.02825013925,0.12892397334323727,1.5,-0.042375208875,0.75,0.00075,-0.043125208875,1.3185035435224766,1.4911879469860492,-0.11580324519963958
2026-01-29,0.005171056375,0.16464041101737312,1.5,0.0077565845625,0.0,0.0,0.0077565845625,1.3287306277537647,1.4911879469860492,-0.1089448983011424
2026-01-30,0.01144093975,0.16571428052056156,1.5,0.017161409625,0.75,0.00075,0.016411409624999998,1.3505369703671153,1.4911879469860492,-0.09432142802871635
2026-02-02,-0.0024719834175000004,0.17092277231696648,1.462648871248059,-0.003615643755350295,0.03735112875194102,3.735112875194102e-05,-0.003652994884102236,1.3456034657235734,1.4911879469860492,-0.09762986721876843
2026-02-03,0.004223827250000001,0.1613052366659759,1.5,0.006335740875000002,0.7686755643759704,0.0007686755643759705,0.005567065310624031,1.3530945280994586,1.4911879469860492,-0.09260631375521877
2026-02-04,0.0003036459250000001,0.15552094754391269,1.5,0.00045546888750000014,0.0,0.0,0.00045546888750000014,1.3537108205588544,1.4911879469860492,-0.09219302416242037
2026-02-05,0.0078627145,0.1465786155776536,1.5,0.01179407175,0.0,0.0,0.01179407175,1.3696765831052768,1.4911879469860492,-0.08148628355424137
2026-02-06,0.0016495936750000008,0.14766017228914421,1.5,0.002474390512500001,0.75,0.00075,0.0017243905125000011,1.372038440410377,1.4911879469860492,-0.07990240721600128
2026-02-09,-0.0010334674999999999,0.1471666080772897,1.5,-0.0015502012499999998,0.0,0.0,-0.0015502012499999998,1.3699115047050046,1.4911879469860492,-0.08132874365445719
2026-02-10,0.005139520575,0.14377244480917953,1.5,0.007709280862499999,0.75,0.00075,0.006959280862499999,1.3794451036230169,1.4911879469860492,-0.07493545236124266
2026-02-11,0.0065741919999999995,0.14458672852432883,1.5,0.009861288,0.75,0.00075,0.009111287999999999,1.3920136252423159,1.4911879469860492,-0.0665069228491163
2026-02-12,0.00026877049999999994,0.14482084186101996,1.5,0.0004031557499999999,0.0,0.0,0.0004031557499999999,1.3925748235394106,1.4911879469860492,-0.06613057974747771
2026-02-13,-0.00365465466,0.14421014458010756,1.5,-0.005481981990000001,0.0,0.0,-0.005481981990000001,1.3849407534370402,1.4911879469860492,-0.0712500350903138
2026-02-17,0.00272844595,0.14298713051308765,1.5,0.004092668925,0.0,0.0,0.004092668925,1.390608857421598,1.4911879469860492,-0.0674489689698331
2026-02-18,-0.00127626779,0.13504036689447893,1.5,-0.0019144016850000001,0.75,0.00075,-0.002664401685,1.386903716838708,1.4911879469860492,-0.06993365950825836
2026-02-19,0.01320454075,0.13529217141194938,1.5,0.019806811125,0.0,0.0,0.019806811125,1.4143738568066928,1.4911879469860492,-0.051512011168418415
2026-02-20,0.00022674625000000084,0.1377171153007606,1.5,0.00034011937500000127,0.0,0.0,0.00034011937500000127,1.414854912758886,1.4911879469860492,-0.05118941202646221
2026-02-23,0.0063996382,0.13784406060154905,1.5,0.0095994573,0.0,0.0,0.0095994573,1.4284367520796102,1.4911879469860492,-0.04208134530142238
2026-02-24,-0.007337288075,0.13186576759012975,1.5,-0.0110059321125,0.75,0.00075,-0.0117559321125,1.4116441465951624,1.4911879469860492,-0.05334257197535608
2026-02-25,0.0011349817499999998,0.1356967302076344,1.5,0.0017024726249999997,0.0,0.0,0.0017024726249999997,1.414047432110982,1.4911879469860492,-0.05173091361889137
2026-02-26,-0.010154158,0.1354416469925237,1.5,-0.015231237,1.5,0.0015,-0.016731237,1.3903886693950918,1.4911879469860492,-0.06759662844290715
2026-02-27,-0.0016329105000000002,0.09151246735140225,1.5,-0.0024493657500000003,0.0,0.0,-0.0024493657500000003,1.3869830990090875,1.4911879469860492,-0.0698804253263835
2026-03-02,-0.0024341889500000004,0.09159217761961014,1.5,-0.0036512834250000004,0.0,0.0,-0.0036512834250000004,1.3819188306089205,1.4911879469860492,-0.07327655551265733
2026-03-03,0.002263081825,0.0849837490448014,1.5,0.0033946227375,0.0,0.0,0.0033946227375,1.3866099236926848,1.4911879469860492,-0.0701306790366264
2026-03-04,0.00611142745,0.08408563238394964,1.5,0.009167141175,0.75,0.00075,0.008417141175,1.398281215175062,1.4911879469860492,-0.06230383768777625
2026-03-05,0.0018947587499999995,0.0852381990006885,1.5,0.002842138124999999,0.75,0.00075,0.0020921381249999994,1.4012066126148013,1.4911879469860492,-0.06034204779693653
2026-03-06,0.00693083165,0.08517435080953742,1.5,0.010396247475,0.75,0.00075,0.009646247475,1.4147229983636902,1.4911879469860492,-0.05127787464813405
2026-03-09,0.0008848614500000002,0.08429577481704212,1.5,0.0013272921750000003,0.0,0.0,0.0013272921750000003,1.416600749129211,1.4911879469860492,-0.05001864319490512
2026-03-10,-0.0039754042825,0.08430345517752379,1.5,-0.00596310642375,0.0,0.0,-0.00596310642375,1.4081534081021896,1.4911879469860492,-0.055683483126112265
2026-03-11,0.005496044250000001,0.08601836054409352,1.5,0.008244066375000001,0.0,0.0,0.008244066375000001,1.4197623182647665,1.4911879469860492,-0.04789847508199507
2026-03-12,0.010404021999999999,0.08624586629335815,1.5,0.015606032999999998,0.75,0.00075,0.014856032999999998,1.4408543541170644,1.4911879469860492,-0.033754023408462897
2026-03-13,-0.00113974025,0.09039298955127198,1.5,-0.001709610375,0.0,0.0,-0.001709610375,1.438391054564402,1.4911879469860492,-0.03540592755484562
2026-03-16,0.0043201964,0.09075896707979483,1.5,0.0064802946,0.0,0.0,0.0064802946,1.4477122523479842,1.4911879469860492,-0.029155073795987252
2026-03-17,0.0006674145,0.08938463311433022,1.5,0.00100112175,0.0,0.0,0.00100112175,1.449161588571551,1.4911879469860492,-0.028183139824487502
2026-03-18,-0.0029777821500000003,0.08937026595076836,1.5,-0.004466673225,0.0,0.0,-0.004466673225,1.4426886573051798,1.4911879469860492,-0.03252392817343708
2026-03-19,0.0034874262500000017,0.09029572340197992,1.5,0.0052311393750000025,0.0,0.0,0.0052311393750000025,1.4502355627462749,1.4911879469860492,-0.027462925999734766
2026-03-20,-0.0053530452500000015,0.07955994589298802,1.5,-0.008029567875000003,0.75,0.00075,-0.008779567875000003,1.437503121188405,1.4911879469860492,-0.03600138125187402
2026-03-23,0.0027022887125,0.0827087820581649,1.5,0.00405343306875,0.0,0.0,0.00405343306875,1.4433299438762615,1.4911879469860492,-0.032093877372411095
2026-03-24,0.0032028550999999993,0.08036691769348434,1.5,0.004804282649999999,0.0,0.0,0.004804282649999999,1.4502641088838517,1.4911879469860492,-0.027443782780642523
2026-03-25,0.018721128625,0.07516198584695198,1.5,0.0280816929375,0.0,0.0,0.0280816929375,1.4909899802678053,1.4911879469860492,-0.00013275772423193555
2026-03-26,0.004992454000000001,0.09780783909012829,1.5,0.007488681000000002,0.75,0.00075,0.0067386810000000024,1.5010372861190264,1.5010372861190264,0.0
2026-03-27,-0.001983924175000001,0.08709414029864457,1.5,-0.0029758862625000014,0.0,0.0,-0.0029758862625000014,1.4965703698797646,1.5010372861190264,-0.002975886262500005
2026-03-30,0.00607937725,0.08733584179857477,1.5,0.009119065875,0.75,0.00075,0.008369065875,1.5090952658918613,1.5090952658918613,0.0
2026-03-31,0.003048985875000001,0.08590058776234995,1.5,0.004573478812500002,0.0,0.0,0.004573478812500002,1.5159970811164618,1.5159970811164618,0.0
2026-04-01,0.015184897400000001,0.08583989071583889,1.5,0.0227773461,0.0,0.0,0.0227773461,1.5505274713196413,1.5505274713196413,0.0
2026-04-02,0.007301830400000001,0.09545890957687453,1.5,0.010952745600000001,0.0,0.0,0.010952745600000001,1.5675100042588166,1.5675100042588166,0.0
2026-04-06,0.00267020565,0.09608322350389467,1.5,0.004005308475,0.75,0.00075,0.0032553084750000004,1.5726127328603277,1.5726127328603277,0.0
2026-04-07,-0.014219517,0.09548896413209021,1.5,-0.021329275499999998,0.75,0.00075,-0.0220792755,1.5378905830766967,1.5726127328603277,-0.022079275499999884
2026-04-08,-0.0032962532499999997,0.11452218524636455,1.5,-0.004944379875,1.5,0.0015,-0.006444379875,1.5279798319531652,1.5726127328603277,-0.02838136813631309
2026-04-09,0.004727688525,0.1140031245359704,1.5,0.0070915327875,0.75,0.00075,0.0063415327875000005,1.537669566156135,1.5726127328603277,-0.02221981672540363
2026-04-10,0.005073939750000001,0.11380937244609951,1.5,0.007610909625000001,0.0,0.0,0.007610909625000001,1.5493726302572626,1.5726127328603277,-0.014778020117384605
2026-04-13,0.00017563959999999934,0.11069499990210517,1.5,0.000263459399999999,0.75,0.00075,-0.000486540600000001,1.5486187975681136,1.5726127328603277,-0.015257370610609833
2026-04-14,0.01108326675,0.11019339550105502,1.5,0.016624900124999998,0.0,0.0,0.016624900124999998,1.5743644304093811,1.5743644304093811,0.0
2026-04-15,-0.008751123575,0.11403877862924437,1.5,-0.013126685362500001,0.0,0.0,-0.013126685362500001,1.5536982438854856,1.5743644304093811,-0.013126685362500057
2026-04-16,0.006091436075,0.12133196754008399,1.5,0.0091371541125,0.0,0.0,0.0091371541125,1.567894624184188,1.5743644304093811,-0.0041094717971433825
2026-04-17,0.0040864867,0.12007290108311457,1.5,0.006129730050000001,0.0,0.0,0.006129730050000001,1.5775053949772835,1.5775053949772835,0.0
2026-04-20,-0.005078248424999999,0.1201208661585138,1.5,-0.007617372637499999,0.0,0.0,-0.007617372637499999,1.565488948546075,1.5775053949772835,-0.007617372637499953
2026-04-21,0.007637931615000001,0.11986878213328978,1.5,0.011456897422500001,0.0,0.0,0.011456897422500001,1.5834245948456247,1.5834245948456247,0.0
2026-04-22,0.004079040135,0.1209322927745956,1.5,0.0061185602025,0.75,0.00075,0.0053685602025,1.5919253051091726,1.5919253051091726,0.0
2026-04-23,0.0009383095749999999,0.12095934913398723,1.5,0.0014074643624999998,0.0,0.0,0.0014074643624999998,1.5941658832438756,1.5941658832438756,0.0
2026-04-24,0.008196098925,0.10667537541585184,1.5,0.012294148387500002,0.0,0.0,0.012294148387500002,1.613764795166766,1.613764795166766,0.0
2026-04-27,0.0125892535,0.1082655732127225,1.5,0.01888388025,0.0,0.0,0.01888388025,1.6442389363103609,1.6442389363103609,0.0
2026-04-28,-0.007783248425000001,0.11227266751080968,1.5,-0.011674872637500002,0.0,0.0,-0.011674872637500002,1.6250426561433189,1.6442389363103609,-0.0116748726375
2026-04-29,0.0035150705,0.11846624413909086,1.5,0.00527260575,0.0,0.0,0.00527260575,1.6336108653960957,1.6442389363103609,-0.006463823888098852
2026-04-30,0.0056806293,0.11849663835388809,1.5,0.00852094395,0.0,0.0,0.00852094395,1.6475307720162469,1.6475307720162469,0.0
2026-05-01,-0.0007612912425,0.10970335000928001,1.5,-0.00114193686375,0.0,0.0,-0.00114193686375,1.645649395893519,1.6475307720162469,-0.0011419368637499705
2026-05-04,-0.0001427663749999997,0.10849183896882651,1.5,-0.00021414956249999955,0.0,0.0,-0.00021414956249999955,1.6452969807953601,1.6475307720162469,-0.0013558418809701545
2026-05-05,0.01519450575,0.10866320738045857,1.5,0.022791758625,0.0,0.0,0.022791758625,1.6827961924480892,1.6827961924480892,0.0
2026-05-06,0.011953848855000001,0.10145953319993797,1.5,0.0179307732825,0.75,0.00075,0.0171807732825,1.7117079323111941,1.7117079323111941,0.0
2026-05-07,-0.002845668249999999,0.10301204646290706,1.5,-0.0042685023749999985,0.0,0.0,-0.0042685023749999985,1.7044015029368176,1.7117079323111941,-0.004268502374999872
2026-05-08,0.013107624425,0.10570229044351653,1.5,0.0196614366375,0.0,0.0,0.0196614366375,1.7379124850916698,1.7379124850916698,0.0
2026-05-11,-0.002192795575,0.11095787395958101,1.5,-0.0032891933625,1.5,0.0015,-0.004789193362499999,1.729589286153463,1.7379124850916698,-0.004789193362499944
2026-05-12,-0.0125239415,0.11233589113579825,1.5,-0.01878591225,0.75,0.00075,-0.019535912250000002,1.695800181630629,1.7379124850916698,-0.024231544351221768
2026-05-13,0.015642746875000002,0.1228788023609225,1.5,0.023464120312500003,0.0,0.0,0.023464120312500003,1.7355906411183695,1.7379124850916698,-0.0013359959107365205
2026-05-14,0.02042683875,0.12336863623826227,1.5,0.030640258125,0.75,0.00075,0.029890258125,1.7874678933807318,1.7874678933807318,0.0
2026-05-15,0.01056331987,0.13658033532779384,1.5,0.015844979805,0.0,0.0,0.015844979805,1.8157902860534354,1.8157902860534354,0.0
2026-05-18,0.0006074779999999994,0.13819163049668254,1.5,0.0009112169999999991,0.75,0.00075,0.0001612169999999991,1.816083022315982,1.816083022315982,0.0
2026-05-19,-0.0012954610000000012,0.1341560001186443,1.5,-0.0019431915000000018,0.0,0.0,-0.0019431915000000018,1.8125540252237233,1.816083022315982,-0.0019431914999999966
2026-05-20,0.003073894275,0.13573606233629967,1.5,0.0046108414125,0.0,0.0,0.0046108414125,1.8209114243856184,1.8209114243856184,0.0
2026-05-21,-0.006589489575,0.13584855945794977,1.5,-0.009884234362500001,0.75,0.00075,-0.010634234362500002,1.801547425545348,1.8209114243856184,-0.010634234362499995
2026-05-22,0.007581895,0.14113625521677792,1.5,0.0113728425,0.75,0.00075,0.0106228425,1.8206849801031966,1.8209114243856184,-0.0001243576592410145
2026-05-26,0.005376930674999999,0.14092926523870317,1.5,0.008065396012499998,0.0,0.0,0.008065396012499998,1.8353695254817393,1.8353695254817393,0.0
2026-05-27,0.0053753903750000005,0.13758168492709538,1.5,0.0080630855625,0.0,0.0,0.0080630855625,1.8501682670045034,1.8501682670045034,0.0
2026-05-28,0.015226963999999999,0.13046864687414922,1.5,0.022840446,0.0,0.0,0.022840446,1.8924269353979335,1.8924269353979335,0.0
2026-05-29,0.01737466025,0.13571011108545766,1.5,0.026061990375,1.5,0.0015,0.024561990375,1.9389087075705684,1.9389087075705684,0.0
2026-06-01,-0.016386912775,0.14247015493479467,1.5,-0.024580369162500004,0.0,0.0,-0.024580369162500004,1.8912496157660983,1.9389087075705684,-0.02458036916249995
2026-06-02,-0.0159713410865,0.1614813723571734,1.5,-0.023957011629750002,0.0,0.0,-0.023957011629750002,1.8459409267264295,1.9389087075705684,-0.04794850860236044
2026-06-03,0.017941824000000002,0.1771510970941681,1.4112246782593034,0.025319944801785052,0.08877532174069658,8.877532174069657e-05,0.025231169480044356,1.8925161750988144,1.9389087075705684,-0.023927136069177513
2026-06-04,-0.0007046839999999988,0.17966619732350053,1.3914693121147266,-0.0009805461607382522,0.7154900222019401,0.0007154900222019401,-0.0016960361829401922,1.889306399189047,1.9389087075705684,-0.02558259096359028
2026-06-05,0.0010777295,0.1781471960603027,1.4033339032480487,0.001512414345880568,0.011864591133322167,1.1864591133322166e-05,0.001500549754747246,1.8921413974429928,1.9389087075705684,-0.024120429159439127
2026-06-08,0.005134896274999999,0.1767773832594289,1.4142080586921775,0.007261811692653442,0.01087415544412873,1.0874155444128731e-05,0.007250937537209313,1.9058611965274201,1.9389087075705684,-0.01704438734743552
2026-06-09,-0.00157249535,0.17349588595707052,1.4409563582496676,-0.0022658971729005366,0.733852328903579,0.000733852328903579,-0.0029997495018041155,1.9001440903526292,1.9389087075705684,-0.019993007956785602
2026-06-10,0.012236429875,0.1732403350220789,1.4430819472159204,0.017658171050986063,0.0021255889662528116,2.1255889662528114e-06,0.01765604546201981,1.9336931207962835,1.9389087075705684,-0.0026899599521732487
2026-06-11,-0.008935658125,0.1649260230379856,1.5,-0.0134034871875,0.7784590263920399,0.0007784590263920399,-0.01418194621389204,1.9062695889629777,1.9389087075705684,-0.016833757298706065
2026-06-12,0.022649273074999997,0.16647632290029948,1.5,0.03397390961249999,0.0,0.0,0.03397390961249999,1.9710330196754635,1.9710330196754635,0.0
2026-06-15,-0.005838552600000001,0.16962573442874607,1.473832970226675,-0.008605051320282678,0.026167029773324968,2.6167029773324968e-05,-0.008631218350056003,1.9540206033074745,1.9710330196754635,-0.00863121835005598
2026-06-16,-0.011997459374999998,0.1707324921398161,1.4642789832603758,-0.017567627615332662,0.7416934785964872,0.0007416934785964872,-0.01830932109392915,1.9182438126573649,1.9710330196754635,-0.026782507695782054
2026-06-17,0.013445726600000001,0.1785796460640881,1.3999355778221263,0.018823151037009336,0.06434340543824946,6.434340543824946e-05,0.018758807631571086,1.9542277793294558,1.9710330196754635,-0.008526107973967245
2026-06-18,-0.0147950744,0.18239136383634424,1.3706789331556262,-0.020279296794550115,0.02925664466650013,2.925664466650013e-05,-0.020308553439216614,1.9145402400405418,1.9710330196754635,-0.02866150849376614
2026-06-22,-0.00207034225,0.19292276005867043,1.2958553979010647,-0.002682864180165136,0.07482353525456142,7.482353525456143e-05,-0.0027576877154196974,1.9092605359399053,1.9710330196754635,-0.03134015671930712
2026-06-23,-0.0011261611750000003,0.1909006662588017,1.3095816002081315,-0.00147479995364877,0.013726202307066782,1.3726202307066782e-05,-0.0014885261559558368,1.9064185516936245,1.9710330196754635,-0.03278203223225451
2026-06-24,-0.026373271125,0.190180493447487,1.3145407053485771,-0.03466873842700676,0.004959105140445619,4.959105140445619e-06,-0.034673697532147205,1.8403159714625257,1.9710330196754635,-0.0663190554942914
2026-06-25,0.028475456750000003,0.21418776374350182,1.1672001968300334,0.033236558723425104,0.14734050851854374,0.00014734050851854374,0.03308921821490656,1.9012105882266268,1.9710330196754635,-0.03542428297844202
2026-06-26,0.00199167065,0.23611443017956157,1.058808645493961,0.002108798103196577,0.6377958740830529,0.0006377958740830529,0.001471002229113524,1.9040072732399225,1.9710330196754635,-0.03400538994855451
2026-06-29,0.0136774855,0.2304324526520553,1.084916630113255,0.014838931477082906,0.026107984619293978,2.6107984619293978e-05,0.014812823492463613,1.9322109969067924,1.9710330196754635,-0.01969628229519116
2026-06-30,-0.0031420935500000003,0.22724160393310683,1.10015065759522,-0.0034567762852582,0.015234027481965118,1.5234027481965119e-05,-0.003472010312740165,1.9255023403991423,1.9710330196754635,-0.023099906912679713
2026-07-01,0.00683687415,0.21886305762345595,1.1422667795773636,0.007809534217696225,0.04211612198214354,4.211612198214354e-05,0.0077674180957140815,1.9404585221212984,1.9710330196754635,-0.015511915451928537
2026-07-02,0.001807279925,0.2099134279026645,1.1909671644060968,0.002152411047565313,0.04870038482873329,4.870038482873329e-05,0.00210371066273658,1.9445406854048832,1.9710330196754635,-0.013440837371127556
2026-07-06,0.0005925879999999998,0.2016647869091141,1.2396809766926218,0.0007346200706163271,0.6441973944895734,0.0006441973944895734,9.04226761267537e-05,1.9447165159774948,1.9710330196754635,-0.01335163005148532
2026-07-07,0.01779785325,0.2015258961106749,1.2405353595981723,0.022078866281564247,0.0008543829055505103,8.543829055505104e-07,0.022078011898658698,1.9876519903567642,1.9876519903567642,0.0
2026-07-08,-0.0008064419000000005,0.20952777361732472,1.193159244161075,-0.0009622136078638218,0.0473761154370973,4.73761154370973e-05,-0.0010095897233009191,1.9856452773338014,1.9876519903567642,-0.0010095897233008966
2026-07-09,0.00604665855,0.20957551657499413,1.1928874330630146,0.00721298299631803,0.0002718110980604038,2.7181109806040383e-07,0.00721271118521997,1.9999671632355063,1.9999671632355063,0.0
2026-07-10,-0.009391513675,0.20952919685367466,1.1931511395740626,-0.011205495243651642,0.0002637065110480119,2.637065110480119e-07,-0.01120575895016269,1.9775560132960484,1.9999671632355063,-0.011205758950162736
2026-07-13,0.00632529705,0.21029508556509535,1.188805717110371,0.007519549295461364,0.004345422463691628,4.3454224636916284e-06,0.007515203872997672,1.9924177499062408,1.9999671632355063,-0.0037747686402271885
2026-07-14,0.0058419323,0.20726163064663636,1.2062049266910815,0.007046567521655761,0.6118020681358958,0.0006118020681358957,0.006434765453519865,2.0052384908123173,2.0052384908123173,0.0
2026-07-15,-0.0090459875,0.1933960269455384,1.292684260108413,-0.011693605658387451,0.0864793334173315,8.64793334173315e-05,-0.011780084991804784,1.9816166109617097,2.0052384908123173,-0.011780084991804829
2026-07-16,0.006478206675,0.19530623945292752,1.2800410304364838,0.008292370347647507,0.6526637448901711,0.0006526637448901711,0.007639706602757336,1.9967555804686075,2.0052384908123173,-0.0042303747821405
2026-07-17,0.00640498775,0.1896717224972821,1.318066798299796,0.008442201696791914,0.03802576786331224,3.8025767863312244e-05,0.008404175928928602,2.0135366656539357,2.0135366656539357,0.0
2026-07-20,0.004081661799999999,0.18570480145748586,1.3462225964966958,0.005494825346417376,0.02815579819689984,2.815579819689984e-05,0.0054666695482204755,2.0245440052282913,2.0245440052282913,0.0
2026-07-21,0.017618300500000003,0.1751521401951838,1.4273305465831487,0.025147138482531167,0.08110795008645288,8.110795008645289e-05,0.025066030532444713,2.0752912870776212,2.0752912870776212,0.0
2026-07-22,0.0420309626,0.1818259478597497,1.3749412718191132,0.05779010517302558,0.05238927476403554,5.238927476403554e-05,0.057737715898261543,2.195113865817046,2.195113865817046,0.0
2026-07-23,0.01053424175,0.2258283914063391,1.107035295443292,0.011661777427982311,1.3749412718191132,0.0013749412718191132,0.010286836156163198,2.217694642498828,2.217694642498828,0.0
2026-07-24,-0.007449547675,0.19131743755501365,1.306728770753644,-0.009734538276023417,0.19969347531035186,0.00019969347531035187,-0.00993423175133377,2.1956635499665533,2.217694642498828,-0.0099342317513339
2026-07-27,0.007810446249999999,0.18186056277391666,1.3746795687132682,0.010736860882408163,0.06795079795962433,6.795079795962433e-05,0.010668910084448539,2.2190888869568477,2.2190888869568477,0.0
2026-07-28,0.0036012154999999994,0.18136936191721087,1.3784025998509977,0.00496392480782371,0.0037230311377294267,3.7230311377294266e-06,0.00496020177668598,2.230096015596555,2.230096015596555,0.0
2026-07-29,0.012411132500000002,0.17937716301085263,1.3937114167920839,0.01729753706056928,0.015308816941086212,1.5308816941086214e-05,0.017282228243628194,2.2686370439433006,2.2686370439433006,0.0
2026-07-30,0.0150268956,0.17769839713069047,1.4068781938203665,0.021141011740455212,0.013166777028282617,1.3166777028282618e-05,0.02112784496342693,2.3165684556860215,2.3165684556860215,0.0
2026-07-31,0.018252252474999998,0.18027816604732158,1.386745857700688,0.025311235513413376,0.7135052649700225,0.0007135052649700225,0.024597730248443354,2.3735507816610393,2.3735507816610393,0.0
2026-08-03,-0.0034310339999999995,0.18355474971496163,1.3619914515326887,-0.004673038977918006,0.7057501319343435,0.0007057501319343435,-0.00537878910985235,2.3607839525649594,2.3735507816610393,-0.005378789109852344
2026-08-04,0.013608146675000002,0.18616063380178452,1.342926240067429,0.018274737248543838,0.019065211465259857,1.9065211465259858e-05,0.018255672037078577,2.4038816501533833,2.4038816501533833,0.0
2026-08-05,-0.0057900373,0.18366612148230402,1.361165564897537,-0.00788119939223231,0.01823932483010804,1.823932483010804e-05,-0.007899438717062418,2.3848923343749258,2.4038816501533833,-0.007899438717062446
2026-08-06,0.005042241625,0.1873965802456402,1.3340691685637964,0.006726699092361516,0.027096396333740502,2.70963963337405e-05,0.006699602696027775,2.40087016548804,2.4038816501533833,-0.001252759121960545
2026-08-07,-0.01888235075,0.18750166580699396,1.33332148769995,-0.025176243993262265,0.0007476808638464671,7.476808638464671e-07,-0.025176991674126112,2.34042347732089,2.4038816501533833,-0.026398210090103347
2026-08-10,0.0009505697765000001,0.2010422927171284,1.243519443701114,0.0011820519996723724,0.08980204399883607,8.980204399883607e-05,0.0010922499556735364,2.342979804760251,2.4038816501533833,-0.02533479357823054
2026-08-11,0.005712480539999999,0.2020154428347525,1.2375291536721704,0.007069361208034942,1.243519443701114,0.0012435194437011138,0.005825841764333829,2.356629634359814,2.4038816501533833,-0.01965654831241559
2026-08-12,-0.002250241775,0.2020194736309402,1.2375044618555593,-0.0027846842368162736,0.6187769227443908,0.0006187769227443908,-0.003403461159560664,2.3486089369318006,2.4038816501533833,-0.022993109173263915
2026-08-13,0.015964352050000002,0.19656228625729708,1.2718614784158226,0.02030444440026367,0.034357016560263354,3.435701656026336e-05,0.02027008738370341,2.396215445313555,2.4038816501533833,-0.003189094121725633
2026-08-14,0.0063779241499999995,0.19935629851542452,1.2540361245755027,0.007998147283902506,0.017825353840319913,1.7825353840319915e-05,0.007980321930062186,2.4153380159809448,2.4153380159809448,0.0
2026-08-17,0.01247080225,0.19935750523530144,1.2540285338388704,0.015638741861361986,7.590736632367978e-06,7.590736632367978e-09,0.015638734270625353,2.4531108453866106,2.4531108453866106,0.0
2026-08-18,0.011496035500000001,0.19991792543361966,1.2505131766336255,0.014375943871797931,0.0035153572052448734,3.5153572052448733e-06,0.014372428514592686,2.488368005650302,2.488368005650302,0.0
2026-08-19,-0.00826462615,0.1969595169036968,1.2692963707980522,-0.010490259978197677,0.018783194164426753,1.8783194164426754e-05,-0.010509043172362105,2.4622176388501984,2.488368005650302,-0.01050904317236212
2026-08-20,-0.001065762725,0.1554425220283107,1.5,-0.0015986440875,0.8653518146009739,0.0008653518146009739,-0.002463995902100974,2.456150744677991,2.488368005650302,-0.012947144835151247
2026-08-21,0.0037197552499999994,0.15508113728093775,1.5,0.005579632874999999,0.0,0.0,0.005579632874999999,2.4698551641189517,2.488368005650302,-0.007439752275110956
2026-08-24,-0.0033326604074999998,0.14901746981827466,1.5,-0.004998990611249999,0.75,0.00075,-0.005748990611249999,2.4556559899692845,2.488368005650302,-0.013145971820381352
2026-08-25,0.009705561925,0.1511059466592739,1.5,0.014558342887499999,0.75,0.00075,0.013808342887499998,2.4895645298925237,2.4895645298925237,0.0
2026-08-26,0.0083816292,0.15239703258624224,1.5,0.012572443800000001,0.75,0.00075,0.0118224438,2.5189972666336518,2.5189972666336518,0.0
2026-08-27,0.00605693795,0.15023867260693333,1.5,0.009085406925,0.0,0.0,0.009085406925,2.541883381843981,2.541883381843981,0.0
2026-08-28,-0.019044380125,0.1449332283487197,1.5,-0.0285665701875,0.75,0.00075,-0.029316570187500002,2.467364079271712,2.541883381843981,-0.029316570187500002
2026-08-31,-0.00206701875,0.15547117229367574,1.5,-0.003100528125,0.75,0.00075,-0.0038505281249999997,2.4578634244898616,2.541883381843981,-0.033054214034464624
2026-09-01,0.00887000105,0.15492862466301394,1.5,0.013305001575,0.0,0.0,0.013305001575,2.490565301223834,2.541883381843981,-0.020188998829253513
2026-09-02,0.00018870950000000192,0.15106013627624168,1.5,0.0002830642500000029,0.75,0.00075,-0.00046693574999999714,2.489402367246983,2.541883381843981,-0.020646507613943488
2026-09-03,0.011560735749999999,0.14859769499032555,1.5,0.017341103625,0.0,0.0,0.017341103625,2.5325713516617334,2.541883381843981,-0.003663437216971155
2026-09-04,-0.018259565749999998,0.1521263900533095,1.5,-0.027389348624999997,0.0,0.0,-0.027389348624999997,2.4632058719933827,2.541883381843981,-0.030952446682869783
2026-09-08,-0.005633000025,0.15098654271261192,1.5,-0.0084495000375,0.0,0.0,-0.0084495000375,2.4423930138856043,2.541883381843981,-0.039140414020962244
2026-09-09,0.0032425552000000003,0.15358695107697956,1.5,0.0048638328000000005,0.75,0.00075,0.004113832800000001,2.452440610376618,2.541883381843981,-0.0351875983399671
2026-09-10,0.0036115378749999997,0.15305067464163924,1.5,0.0054173068125,0.0,0.0,0.0054173068125,2.465726233602463,2.541883381843981,-0.02996091354366981
